sku,parentSku,bulk,variant_name,grossWeight,netWeight,itemQty,displayName,category,sub_category,status
G-629,G-532,BK-200,231mg x 3,0.0007623,0.000693,3,antirrhinum _flowering seeds 231mg x 3,Seeds,Seeds,success
G-832,G-832,BK-610,100 gm x1,0.1,0.1,1,Imli Powder 100 gm x1,other Products,Other Product,success
G-827,G-827,BK-182,50gm x1,0.05,0.05,1,Katyayani Lupin Pixie Mix seeds 50gm x1,Seeds,Seeds,success
G-887,G-887,BK-189,500 mg x1,0.00055,0.0005,1,Statice Mix Seeds_Flowering Seed 500 mg x1,Seeds,Seeds,success
G-891,G-891,BK-166,280 mg x1,0.000308,0.00028,1,Sunflower Sungold Seeds_Flowering Seed 280 mg x1,Seeds,Seeds,success
G-734,G-589,BK-241,4 gm x 2,0.008,0.008,2,sweetcorn _Vegetable seeds 4 gm x 2,Seeds,Seeds,success
K-7281,K-7281,BK-540,25 KG x 1,27.5,25,1,TRIPLE ATTACK WP - VBM 25 KG x 1,Pesticide,Bio Insecticides,success
G-671,G-653,BK-202,10.8 gm x 2,0.0216,0.0216,2,Sweet Pea Royal Mix Seeds flowering seeds  10.8 gm x 2,Seeds,Seeds,success
G-874,G-874,BK-219,4000 mg x1,0.0044,0.004,1,French Bean Seeds_Vegitable Seed 4000 mg x1,Seeds,Seeds,success
G-840,G-840,BK-600,227 gm x1,0.227,0.227,1,Mulethi powder (Brown) 227 gm x1,other Products,Other Product,success
G-834,G-834,BK-610,1 kg x1,1.1,1,1,Imli Powder 1 kg x1,other Products,Other Product,success
G-855,G-855,BK-304,1500 mg x1,0.00165,0.0015,1,Papaya seeds_Fruit seeds 1500 mg x1,Seeds,Seeds,success
G-744,G-744,BK-416,25 kg x 1,27.5,25,1,HydroxyEthyl Cellulose 25 kg x 1,other Products,Other Product,success
G-896,G-896,BK-164,700 mg x1,0.00077,0.0007,1,Zinnia Lilliput Mix Seeds_Flowering Seed 700 mg x1,Seeds,Seeds,success
G-894,G-894,BK-164,140 mg x1,0.000154,0.00014,1,Zinnia Lilliput Mix Seeds_Flowering Seed 140 mg x1,Seeds,Seeds,success
G-893,G-893,BK-166,1400 mg x1,0.00154,0.0014,1,Sunflower Sungold Seeds_Flowering Seed 1400 mg x1,Seeds,Seeds,success
G-892,G-892,BK-166,700 mg x1,0.00077,0.0007,1,Sunflower Sungold Seeds_Flowering Seed 700 mg x1,Seeds,Seeds,success
G-890,G-890,BK-167,830 mg x1,0.000913,0.00083,1,Balsam Mix Seeds_Flowering Seed 830 mg x1,Seeds,Seeds,success
G-889,G-889,BK-167,415 mg x1,0.0004565,0.000415,1,Balsam Mix Seeds_Flowering Seed 415 mg x1,Seeds,Seeds,success
G-886,G-886,BK-189,250 mg x1,0.000275,0.00025,1,Statice Mix Seeds_Flowering Seed 250 mg x1,Seeds,Seeds,success
G-884,G-884,BK-208,1300 mg x1,0.00143,0.0013,1,Spinach Seeds_Vegitable Seed 1300 mg x1,Seeds,Seeds,success
G-882,G-882,BK-208,260 mg x1,0.000286,0.00026,1,Spinach Seeds_Vegitable Seed 260 mg x1,Seeds,Seeds,success
G-881,G-881,BK-210,1100 mg x1,0.00121,0.0011,1,Coriander Seeds_Vegitable Seed 1100 mg x1,Seeds,Seeds,success
G-880,G-880,BK-210,550 mg x1,0.000605,0.00055,1,Coriander Seeds_Vegitable Seed 550 mg x1,Seeds,Seeds,success
G-878,G-878,BK-217,700 mg x1,0.00077,0.0007,1,Beetroot Seeds_Vegitable Seed 700 mg x1,Seeds,Seeds,success
G-877,G-877,BK-217,350 mg x1,0.000385,0.00035,1,Beetroot Seeds_Vegitable Seed 350 mg x1,Seeds,Seeds,success
G-870,G-870,BK-220,2000 mg x1,0.0022,0.002,1,Bottlegourd Seeds (Long)_Vegitable Seed 2000 mg x1,Seeds,Seeds,success
G-869,G-869,BK-228,13000 mg x1,0.0143,0.013,1,Bittergourd Seeds (Green Long)_Vegitable Seed 13000 mg x1,Seeds,Seeds,success
G-866,G-866,BK-231,276000 mg x1,0.3036,0.276,1,Cauliflower Seeds_Vegitable Seed 276000 mg x1,Seeds,Seeds,success
G-864,G-864,BK-231,55200 mg x1,0.06072,0.0552,1,Cauliflower Seeds_Vegitable Seed 55200 mg x1,Seeds,Seeds,success
G-862,G-862,BK-233,10000 mg x1,0.011,0.01,1,Drumstick Seeds (Moringa)_Vegitable Seed 10000 mg x1,Seeds,Seeds,success
G-861,G-861,BK-233,4000 mg x1,0.0044,0.004,1,Drumstick Seeds (Moringa)_Vegitable Seed 4000 mg x1,Seeds,Seeds,success
G-860,G-860,BK-239,6000 mg x1,0.0066,0.006,1,Ash Gourd Seeds_Vegitable Seed 6000 mg x1,Seeds,Seeds,success
G-857,G-857,BK-304,4500 mg x1,0.00495,0.0045,1,Papaya seeds_Fruit seeds 4500 mg x1,Seeds,Seeds,success
G-856,G-856,BK-304,3000 mg x1,0.0033,0.003,1,Papaya seeds_Fruit seeds 3000 mg x1,Seeds,Seeds,success
G-854,G-854,BK-312,19000 mg x1,0.0209,0.019,1,Indian Laburnum Seeds (Cassia Fistula) - 100 g_Tree and Grass seeds 19000 mg x1,Seeds,Seeds,success
G-853,G-853,BK-312,9500 mg x1,0.01045,0.0095,1,Indian Laburnum Seeds (Cassia Fistula) - 100 g_Tree and Grass seeds 9500 mg x1,Seeds,Seeds,success
G-852,G-852,BK-312,3800 mg x1,0.00418,0.0038,1,Indian Laburnum Seeds (Cassia Fistula) - 100 g_Tree and Grass seeds 3800 mg x1,Seeds,Seeds,success
G-850,G-850,BK-327,8900 mg x1,0.00979,0.0089,1,Pithecellobium Saman Seeds - 100 g_Tree and Grass seeds 8900 mg x1,Seeds,Seeds,success
G-849,G-849,BK-327,4450 mg x1,0.004895,0.00445,1,Pithecellobium Saman Seeds - 100 g_Tree and Grass seeds 4450 mg x1,Seeds,Seeds,success
G-848,G-848,BK-356,1 kg x1,1.1,1,1,Ammonium Bicarbonate powder 1 kg x1,other Products,Other Product,success
G-846,G-846,BK-442,500 gm x1,0.5,0.5,1,Sodium Silicate 500 gm x1,other Products,Other Product,success
G-845,G-845,BK-461,1 kg x1,1.1,1,1,Maca Powder 1 kg x1,other Products,Other Product,success
G-844,G-844,BK-461,500 gm x1,0.5,0.5,1,Maca Powder 500 gm x1,other Products,Other Product,success
G-842,G-842,BK-600,1 kg x1,1.1,1,1,Mulethi powder (Brown) 1 kg x1,other Products,Other Product,success
G-841,G-841,BK-600,500 gm x1,0.5,0.5,1,Mulethi powder (Brown) 500 gm x1,other Products,Other Product,success
G-838,G-838,BK-601,500 gm x1,0.5,0.5,1,Mulethi powder (Black) 500 gm x1,other Products,Other Product,success
G-637,G-583,BK-231,3.6gm x 3,0.0108,0.0108,3,cauliflower _Vegetable seeds 3.6gm x 3,Seeds,Seeds,success
G-837,G-837,BK-601,100 gm x1,0.1,0.1,1,Mulethi powder (Black) 100 gm x1,other Products,Other Product,success
G-836,G-836,BK-417,500 gm x1,0.5,0.5,1,Sodium lauryl sulfate 500 gm x1,other Products,Other Product,success
G-833,G-833,BK-610,500 gm x1,0.5,0.5,1,Imli Powder 500 gm x1,other Products,Other Product,success
G-830,G-830,BK-682,100 ml x1,0.1,0.1,1,ALPHA CHLO (Alphacypermethrin 1% + Chlorpyriphos 16% EC) 100 ml x1,Pesticide,Chemical Insecticides,success
G-829,G-829,BK-182,500gm x1,0.5,0.5,1,Katyayani Lupin Pixie Mix seeds 500gm x1,Seeds,Seeds,success
G-828,G-828,BK-182,100gm x1,0.1,0.1,1,Katyayani Lupin Pixie Mix seeds 100gm x1,Seeds,Seeds,success
K-7535,K-7535,BK-510,100gm x 1,0.11,0.1,1,"BT Bio Insecticide | Bacillus thuringiensis israelensis (Bti) kg 100gm x 1",Pesticide,Bio Pest Control,success
K-7565,K-7565,BK-901,25 kg x 1,27.5,25,1,Temos - G ( Temephos 1% SG ) 25 kg x 1,Pesticide,Bio Insecticides,success
K-7461,K-7461,BK-486,3 kg x 1,3.3,3,1,Trichoderma Viride Bio Fungicide Powder 3 kg x 1,Fungicide,Bio Fungicide,success
K-7460,K-7460,BK-486,500 gm x 1,0.55,0.5,1,Trichoderma Viride Bio Fungicide Powder 500 gm x 1,Fungicide,Bio Fungicide,success
G-859,G-859,BK-239,3000 mg x1,0.0033,0.003,1,Ash Gourd Seeds_Vegitable Seed 3000 mg x1,Seeds,Seeds,success
G-858,G-858,BK-239,1200 mg x1,0.00132,0.0012,1,Ash Gourd Seeds_Vegitable Seed 1200 mg x1,Seeds,Seeds,success
G-871,G-871,BK-220,5000 mg x1,0.0055,0.005,1,Bottlegourd Seeds (Long)_Vegitable Seed 5000 mg x1,Seeds,Seeds,success
K-7349,K-7349,BK-143,100 ml x 1,0.11,0.1,1,Professor (Ametocitradin 27 + Dimethomorph 20.27 SC) 100 ml x 1,Fungicide,Chemical Fungicide,success
K-7280,K-7280,BK-862,500 ml x 1,0.55,0.5,1,Triple Attack - VBM 500 ml x 1,Pesticide,Bio Insecticides,success
K-7502,K-7502,BK-997,5 ltr x 1,5.5,5,1,Verticillium lecanii 5 ltr x 1,Pesticide,Bio Insecticides,success
K-7562,K-7562,BK-901,35 kg x 1,38.5,35,1,Temos - G ( Temephos 1% SG ) 35 kg x 1,Pesticide,Bio Insecticides,success
G-743,G-602,BK-770,1.2 gm x 4,0.0048,0.0048,4,watermelon  dark green_Fruit seeds 1.2 gm x 4,Seeds,Other Product,success
G-741,G-665,BK-278,450 mg x 3,0.001485,0.00135,3,Beetroot Seeds_Microgreen Seeds 450 mg x 3,Seeds,Seeds,success
G-740,G-596,BK-208,20 gm x 10,0.2,0.2,10,spinach  (palak)_Microgreen seeds 20 gm x 10,Seeds,Seeds,success
G-739,G-595,BK-255,93 mg x 3,0.0003069,0.000279,3,white cucumber  (khira)_Vegetable seeds 93 mg x 3,Seeds,Seeds,success
G-737,G-592,BK-252,652 mg  x 3,0.0021516,0.001956,3,chinese cabbage _Vegetable seeds 652 mg  x 3,Seeds,Seeds,success
G-735,G-590,BK-248,833 mg x 2,0.0018326,0.001666,2,lettuce lollo rosso _Vegetable seeds 833 mg x 2,Seeds,Seeds,success
G-865,G-865,BK-231,138000 mg x1,0.1518,0.138,1,Cauliflower Seeds_Vegitable Seed 138000 mg x1,Seeds,Seeds,success
G-728,G-548,BK-768,1 gm x 3,0.003,0.003,3,balsom mix - camella_flowering seeds 1 gm x 3,Seeds,Other Product,success
G-727,G-666,BK-325,1 gm x 2,0.002,0.002,2,Gliricidia Sepium Seeds  Vegetable seeds 1 gm x 2,Seeds,Seeds,success
G-726,G-663,BK-257,175 mg x 3,0.0005775,0.000525,3,Green Amaranthus Seeds (Green Math) Vegetable seeds 175 mg x 3,Seeds,Seeds,success
G-724,G-661,BK-251,750 mg x 3,0.002475,0.00225,3,Red Onion Seeds Vegetable seeds 750 mg x 3,Seeds,Seeds,success
G-723,G-659,BK-243,2 gm x 3,0.006,0.006,3,Red Round Radish Seeds Vegetable seeds 2 gm x 3,Seeds,Seeds,success
G-719,G-649,BK-773,250 mg x 2,0.00055,0.0005,2,Cosmos sulphureus Seeds flowering seeds 250 mg x 2,Seeds,Seeds,success
G-872,G-872,BK-220,10000 mg x1,0.011,0.01,1,Bottlegourd Seeds (Long)_Vegitable Seed 10000 mg x1,Seeds,Seeds,success
G-675,G-669,BK-289,700 mg x 3,0.00231,0.0021,3,Tulsi Seeds (Holy Basil)_Herb seeds  700 mg x 3,Seeds,Seeds,success
G-674,G-665,BK-278,450 mg x 3,0.001485,0.00135,3,Beetroot Seeds_Microgreen Seeds  450 mg x 3,Seeds,Seeds,success
G-672,G-656,BK-220,1.5 gm x 2,0.0015,0.0015,2,Bottlegourd Seeds (Long)_Vegitable Seed  1.5 gm x 2,Seeds,Seeds,success
G-647,G-604,BK-221,11gm x 10,0.11,0.11,10,lettuce black rose _Vegetable seeds 11gm x 10,Seeds,Seeds,success
G-646,G-603,BK-306,270mg x 3,0.000891,0.00081,3,cantaloupe  (muskmelon)_Fruit seeds 270mg x 3,Seeds,Seeds,success
G-644,G-600,BK-292,571mg x 3,0.0018843,0.001713,3,parsley curled _Herb seeds 571mg x 3,Seeds,Seeds,success
G-643,G-599,BK-291,500mg x 3,0.00165,0.0015,3,arugula  (rocket leaves)_Herb seeds 500mg x 3,Seeds,Seeds,success
G-640,G-586,BK-234,8.4gm x 5,0.042,0.042,5,desi carrot  (long)_Vegetable seeds 8.4gm x 5,Seeds,Seeds,success
G-639,G-585,BK-233,1gm x 10,0.01,0.01,10,drumstick  (moringa)_Vegetable seeds 1gm x 10,Seeds,Seeds,success
G-638,G-149,BK-232,10gm x 3,0.03,0.03,3,carrot nantes  (improved)_Vegetable seeds 10gm x 3,Seeds,Seeds,success
G-636,G-142,BK-228,20gm x 10,0.2,0.2,10,bittergourd  (green long)_Vegetable seeds 20gm x 10,Seeds,Seeds,success
G-633,G-597,BK-279,250gm x 2,0.5,0.5,2,fenugreek  (methi)_Vegetable seeds 250gm x 2,Seeds,Seeds,success
G-630,G-570,BK-208,8.4gm x 3,0.0252,0.0252,3,spinach _Vegetable seeds 8.4gm x 3,Seeds,Seeds,success
G-754,G-754,BK-668,500gm x 1,0.5,0.5,1,Ascorbic Acid 500gm x 1,Fertilizer,Plant Growth Regulators,success
G-847,G-847,BK-356,500 gm x1,0.5,0.5,1,Ammonium Bicarbonate powder 500 gm x1,other Products,Other Product,success
G-888,G-888,BK-167,166 mg x1,0.0001826,0.000166,1,Balsam Mix Seeds_Flowering Seed 166 mg x1,Seeds,Seeds,success
K-7001,K-7001,BK-467,50 Kg  x 1,55,50,1,ELPI (Cymoxanil 8 % + Mancozeb 64 % WP) 50 Kg  x 1,Fungicide,Chemical Fungicide,success
K-7370,K-7370,BK-510,1 kg x 1,1.1,1,1,"BT Bio Insecticide | Bacillus thuringiensis israelensis (Bti) kg 1 kg x 1",Pesticide,Bio Pest Control,success
K-7377,K-7377,BK-491,5 ltr x 1,5.5,5,1,Bacillus supp 2% AS 5 ltr x 1,Fungicide,Bio Fungicide,success
G-883,G-883,BK-208,650 mg x1,0.000715,0.00065,1,Spinach Seeds_Vegitable Seed 650 mg x1,Seeds,Seeds,success
G-742,G-669,BK-289,700 mg x 4,0.00308,0.0028,4,Tulsi Seeds (Holy Basil)_Herb seeds 700 mg x 4,Seeds,Seeds,success
G-725,G-662,BK-256,450 mg x 3,0.001485,0.00135,3,Amaranth Seeds (Chawli Bhaji) Vegetable seeds 450 mg x 3,Seeds,Seeds,success
G-876,G-876,BK-217,140 mg x1,0.000154,0.00014,1,Beetroot Seeds_Vegitable Seed 140 mg x1,Seeds,Seeds,success
G-641,G-587,BK-235,114mg x 3,0.0003762,0.000342,3,cherry tomatoes  (yellow)_Vegetable seeds 114mg x 3,Seeds,Seeds,success
G-634,G-579,BK-221,60mg x 5,0.00033,0.0003,5,lettuce romaine  (long)_Vegetable seeds 60mg x 5,Seeds,Seeds,success
G-721,G-654,BK-774,400 mg x 2,0.00088,0.0008,2,Gazania NEW DAY WHITE Seeds flowering seeds 400 mg x 2,Seeds,Seeds,success
G-885,G-885,BK-189,100 mg x1,0.00011,0.0001,1,Statice Mix Seeds_Flowering Seed 100 mg x1,Seeds,Seeds,success
K-5561,K-5560,BK-623,1KG x 3,3.3,3,3,NEMOTODE PLUS (BIO PESTICIDES Verticillium Chlamydosporium 1% WP) 1KG x 3,Pesticide,Bio Insecticides,success
G-731,G-572,BK-210,1.625 gm x 5,0.008125,0.008125,5,coriander _Vegetable seeds 1.625 gm x 5,Seeds,Seeds,success
G-736,G-591,BK-250,769 mg x 2,0.0016918,0.001538,2,black brinjal  (long)_Vegetable seeds 769 mg x 2,Seeds,Seeds,success
G-645,G-601,BK-304,1.61gm x 3,0.00483,0.00483,3,papaya _Fruit seeds 1.61gm x 3,Seeds,Seeds,success
G-839,G-839,BK-601,1 kg x1,1.1,1,1,Mulethi powder (Black) 1 kg x1,other Products,Other Product,success
G-730,G-569,BK-769,278 mg x 3,0.0009174,0.000834,3,tomato  pkm-1_Vegetable seeds 278 mg x 3,Seeds,Other Product,success
G-843,G-843,BK-461,250 gm x1,0.25,0.25,1,Maca Powder 250 gm x1,other Products,Other Product,success
G-873,G-873,BK-219,1600 mg x1,0.00176,0.0016,1,French Bean Seeds_Vegitable Seed 1600 mg x1,Seeds,Seeds,success
G-738,G-593,BK-253,1 gm x 3,0.003,0.003,3,red pumpkin _Vegetable seeds 1 gm x 3,Seeds,Seeds,success
G-835,G-835,BK-417,113 gm x1,0.113,0.113,1,Sodium lauryl sulfate 113 gm x1,other Products,Other Product,success
G-875,G-875,BK-219,8000 mg x1,0.0088,0.008,1,French Bean Seeds_Vegitable Seed 8000 mg x1,Seeds,Seeds,success
G-720,G-652,BK-168,210 mg x 2,0.000462,0.00042,2,Salvia SPLENDENS Red Seeds flowering seeds 210 mg x 2,Seeds,Seeds,success
G-863,G-863,BK-233,20000 mg x1,0.022,0.02,1,Drumstick Seeds (Moringa)_Vegitable Seed 20000 mg x1,Seeds,Seeds,success
K-7463,K-7463,BK-546,500 ml x 1,0.55,0.5,1,Trichoderma harzianum 500 ml x 1,Fungicide,Bio Fungicide,success
G-879,G-879,BK-210,220 mg x1,0.000242,0.00022,1,Coriander Seeds_Vegitable Seed 220 mg x1,Seeds,Seeds,success
G-733,G-656,BK-220,1.5 gm x 2,0.003,0.003,2,Bottlegourd Seeds (Long)_Vegitable Seed 1.5 gm x 2,Seeds,Seeds,success
G-673,G-657,BK-226,60 mg x 2,0.000132,0.00012,2,Red Amaranthus Seeds (Red Math) Vegetable seeds  60 mg x 2,Seeds,Seeds,success
G-631,G-575,BK-216,1gm x 3,0.003,0.003,3,lettuce iceberg  (round)_Vegetable seeds 1gm x 3,Seeds,Seeds,success
G-831,G-831,BK-682,500 ml x1,0.5,0.5,1,ALPHA CHLO (Alphacypermethrin 1% + Chlorpyriphos 16% EC) 500 ml x1,Pesticide,Chemical Insecticides,success
K-7437,K-7437,BK-480,5 Ltr x 1,5.5,5,1,Calcium Solubilizing bacteria 5 Ltr x 1,Fertilizer,Bio Fertilizer,success
G-851,G-851,BK-327,17800 mg x1,0.01958,0.0178,1,Pithecellobium Saman Seeds - 100 g_Tree and Grass seeds 17800 mg x1,Seeds,Seeds,success
G-867,G-867,BK-228,2600 mg x1,0.00286,0.0026,1,Bittergourd Seeds (Green Long)_Vegitable Seed 2600 mg x1,Seeds,Seeds,success
G-722,G-655,BK-205,30 mg x 3,0.000099,0.00009,3,Amaranthus Mix Seeds_Flowering Seed 30 mg x 3,Seeds,Seeds,success
K-7236,K-7236,BK-548,25 kg x 1,27.5,25,1,Katyayani Pseudomonas Fluorescens 25 kg x 1,Fungicide,Bio Fungicide,success
G-868,G-868,BK-228,6500 mg x1,0.00715,0.0065,1,Bittergourd Seeds (Green Long)_Vegitable Seed 6500 mg x1,Seeds,Seeds,success
G-895,G-895,BK-164,350 mg x1,0.000385,0.00035,1,Zinnia Lilliput Mix Seeds_Flowering Seed 350 mg x1,Seeds,Seeds,success
G-729,G-556,BK-185,346 mg x 3,0.0011418,0.001038,3,star phlox mix _flowering seeds 346 mg x 3,Seeds,Seeds,success
G-732,G-573,BK-659,30gm x 3,0.09,0.09,3,"bhindi, okra  (lady finger)_Vegetable seeds 30gm x 3",other Products,Seeds,success
G-717,G-424,BK-431,473 ml x 3,1.419,1.419,3,Acetone 473 ml x 3,other Products,Other Product,success
G-715,G-360,BK-368,284 gm ( 10 oz) x 2,0.568,0.568,2,Thick - It 284 gm ( 10 oz) x 2,other Products,Food Grade,success
G-710,G-417,BK-425,397 gm (14oz) x 2,0.794,0.794,2,Turmeric Powder 397 gm (14oz) x 2,other Products,Cosmetic Grade,success
G-713,G-402,BK-410,85 gm (3 oz) x 2,0.17,0.17,2,Disodium EDTA 85 gm (3 oz) x 2,other Products,Lab-Grade,success
G-711,G-412,BK-420,113 gm ( 4oz) x 3,0.339,0.339,3,Bentonite Clay Powder 113 gm ( 4oz) x 3,other Products,Cosmetic Grade,success
G-709,G-421,BK-428,120 gm (4 oz) x 2,0.24,0.24,2,Kelp Powder 120 gm (4 oz) x 2,other Products,Cosmetic Grade,success
G-718,G-398,BK-406,63 gm (2.2 oz) x 3,0.189,0.189,3,Vitamin C 63 gm (2.2 oz) x 3,other Products,Cosmetic Grade,success
G-708,G-423,BK-430,454 gm (1 lb) x 3,1.362,1.362,3,Dishwasher Detergent 454 gm (1 lb) x 3,other Products,Cleaning,success
G-716,G-353,BK-361,595 gm (21 oz) x 2,1.19,1.19,2,Potato Starch 595 gm (21 oz) x 2,other Products,Other Product,success
G-714,G-368,BK-376,250 ml x 3,0.75,0.75,3,Propylene Glycol 250 ml x 3,other Products,Food Grade,success
G-705,G-439,BK-446,453 gm (16oz) x 2,0.906,0.906,2,Calcium Hypochlorite 453 gm (16oz) x 2,other Products,Lab-Grade,success
G-712,G-406,BK-414,118 ml x 2,0.236,0.236,2,Phenoxyethanol 118 ml x 2,other Products,Cosmetic Grade,success
G-706,G-432,BK-439,454 gm (1lb) x 2,0.908,0.908,2,Manganese Dioxide 454 gm (1lb) x 2,other Products,Lab-Grade,success
K-7549,K-7549,BK-901,20 kg x 1,22,20,1,Temos - G ( Temephos 1% SG ) 20 kg x 1,Pesticide,Bio Insecticides,success
G-662,G-662,BK-256,450 mg x 1,0.000495,0.00045,1,Amaranth Seeds (Chawli Bhaji) Vegetable seeds 450 mg x 1,Seeds,Seeds,success
G-665,G-665,BK-217,450 mg x 1,0.000495,0.00045,1,Beetroot Seeds_Microgreen Seeds 450 mg x 1,Seeds,Seeds,success
G-649,G-649,BK-773,250 mg x 1,0.000275,0.00025,1,Cosmos sulphureus Seeds flowering seeds 250 mg x 1,Seeds,Seeds,success
G-667,G-667,BK-256,1500 mg x 1,0.00165,0.0015,1,Amaranth Seeds (Chawli Bhaji) Microgreen seeds 1500 mg x 1,Seeds,Seeds,success
G-654,G-654,BK-774,400 mg x 1,0.00044,0.0004,1,Gazania NEW DAY WHITE Seeds flowering seeds 400 mg x 1,Seeds,Seeds,success
G-650,G-650,BK-180,150 mg x 1,0.000165,0.00015,1,Celosia Plumosa Seeds_Flowering Seed 150 mg x 1,Seeds,Seeds,success
G-661,G-661,BK-251,750 mg x 1,0.000825,0.00075,1,Red Onion Seeds Vegetable seeds 750 mg x 1,Seeds,Seeds,success
G-660,G-660,BK-246,275 mg x 1,0.0003025,0.000275,1,Malabar Spinach Seeds (Poi Saag) Vegetable seeds 275 mg x 1,Seeds,Seeds,success
G-664,G-664,BK-260,400 mg x 1,0.00044,0.0004,1,Green Brinjal Seeds (Long) Vegetable seeds 400 mg x 1,Seeds,Seeds,success
G-663,G-663,BK-257,175 mg x 1,0.0001925,0.000175,1,Green Amaranthus Seeds (Green Math) Vegetable seeds 175 mg x 1,Seeds,Seeds,success
G-657,G-657,BK-226,60 mg x 1,0.000066,0.00006,1,Red Amaranthus Seeds (Red Math) Vegetable seeds 60 mg x 1,Seeds,Seeds,success
G-652,G-652,BK-192,210 mg x 1,0.000231,0.00021,1,Salvia SPLENDENS Red Seeds flowering seeds 210 mg x 1,Seeds,Seeds,success
G-669,G-669,BK-289,700 mg x 1,0.00077,0.0007,1,Tulsi Seeds (Holy Basil)_Herb seeds 700 mg x 1,Seeds,Seeds,success
G-651,G-651,BK-190,150 mg x 1,0.000165,0.00015,1,Gomphrena QIS ORANGE Seeds flowering seeds 150 mg x 1,Seeds,Seeds,success
G-655,G-655,BK-205,30 mg x 1,0.000033,0.00003,1,Amaranthus Mix Seeds_Flowering Seed 30 mg x 1,Seeds,Seeds,success
G-746,G-746,BK-927,227g x 1,249.7,227,1,Bentonite I.P. 227g x 1,other Products,Other Product,success
K-568,K-568,BK-46,450gm x 1,0.495,0.45,1,COC (Copper Oxychloride 50% WP) 450gm x 1,Fungicide,Chemical Fungicide,success
K-514,K-508,BK-473,250ml x 40,11,10,40,Difenoconazole 25% EC - CONCOR 250ml x 40,Fungicide,Chemical Fungicide,success
K-248,K-248,BK-997,1 Ltr x 1,1.1,1,1,Verticillium lecanii 1 Ltr x 1,Pesticide,Bio Insecticides,success
K-6903,K-6903,BK-553,25 kg x 1,27.5,25,1,Paecilomyces Lilacinus Bio Powder 25 kg x 1,Fungicide,Bio Fungicide,success
K-6410,K-141,BK-5830,250ml x 20,5.5,5,20,Bhannat Biostimulant 250ml x 20,Fertilizer,Bio Stimulant,success
K-6161,K-6159,BK-995,1Ltr x 5,5.5,5,5,Chatur - Mancozeb 40% + Azoxystrobin 7% 1Ltr x 5,Fungicide,Chemical Fungicide,success
K-6744,K-6744,BK-992,25 Ltr x 1,27.5,25,1,Metarhizium anisopliae 25 Ltr x 1,Pesticide,Bio Insecticides,success
K-6387,K-6387,BK-651,500 ml x 1,0.55,0.5,1,NEMA PRIME (Pochonia chlamydposporia 1% ) LIQUID 500 ml x 1,Pesticide,Bio Insecticides,success
K-5122,K-5119,BK-554,1 kg x 5,5.5,5,5,BACILLUS SUPP 2% AS Powder 1 kg x 5,Fungicide,Bio Fungicide,success
K-5877,K-5877,BK-543,50KG x 1,55,50,1,BHUMIRAJA (MYCORRHIZA) 50KG x 1,Fertilizer,Bio Fertilizer,success
G-659,G-659,BK-243,2 gm x 1,0.002,0.002,1,Red Round Radish Seeds Vegetable seeds 2 gm x 1,Seeds,Seeds,success
K-6752,K-6752,BK-867,25 Ltr x 1,27.5,25,1,Pseudomonas fluorescence 25 Ltr x 1,Fungicide,Bio Fungicide,success
K-6714,K-6714,BK-526,25kg x 1,27.5,25,1,Bio Npk consortia powder 25kg x 1,Fertilizer,Bio Fertilizer,success
K-255,K-252,BK-992,1 Ltr x 10,11,10,10,Metarhizium anisopliae 1 Ltr x 10,Pesticide,Bio Insecticides,success
K-5824,K-5824,BK-995,250ml x 1,0.275,0.25,1,Chatur - Mancozeb 40% + Azoxystrobin 7% 250ml x 1,Fungicide,Chemical Fungicide,success
K-243,K-240,BK-622,1 Ltr x 10,11,10,10,Sporothrix Fungorum 1 Ltr x 10,Pesticide,Bio Insecticides,success
K-5278,K-1190,BK-45,250gm x 20,5.5,5,20,Samartha - Carbendazim 12 % + Mancozeb 63 % WP 250gm x 20,Fungicide,Chemical Fungicide,success
K-6023,K-6023,BK-144,800gm x 1,0.88,0.8,1,Meta-manco 800gm x 1,Fungicide,Chemical Fungicide,success
K-5556,K-5556,BK-651,1Ltr x 1,1.1,1,1,NEMA PRIME (Pochonia chlamydposporia 1% ) LIQUID 1Ltr x 1,Pesticide,Bio Insecticides,success
K-245,K-244,BK-869,1 Ltr x 3,3.3,3,3,Beauveria Bassiana 1 Ltr x 3,Pesticide,Bio Insecticides,success
K-577,K-577,BK-499,250ml x 1,0.275,0.25,1,DrZole (Azoxystrobin 11.00 % Tebuconazole 18.30 % SC) 250ml x 1,Fungicide,Chemical Fungicide,success
K-5072,K-560,BK-44,400gm x 25,11,10,25,kzeb (Mancozeb 75% WP) 400gm x 25,Fungicide,Chemical Fungicide,success
G-700,G-700,BK-172,1 gm x 1,0.001,0.001,1,Carnation Seeds (1 gm) 1 gm x 1,Seeds,Seeds,success
K-580,K-577,BK-499,250ml x 7,1.925,1.75,7,DrZole (Azoxystrobin 11.00 % Tebuconazole 18.30 % SC) 250ml x 7,Fungicide,Chemical Fungicide,success
K-1138,K-1139,BK-143,250ml x 4,1.1,1,4,Professor (Ametocitradin 27 + Dimethomorph 20.27 SC) 250ml x 4,Fungicide,Chemical Fungicide,success
K-1186,K-1186,BK-60,100 ML x 1,0.11,0.1,1,Azoxy (Azoxystrobin 23 % sc) 100 ML x 1,Fungicide,Chemical Fungicide,success
K-5404,K-5401,BK-493,1Ltr x 10,11,10,10,BACSIL SILICA SOLUBIZING BACTERIA 1Ltr x 10,Fertilizer,Bio Fertilizer,success
K-527,K-527,BK-43,800gm x 1,0.88,0.8,1,PROPI - Propineb 70% WP 800gm x 1,Fungicide,Chemical Fungicide,success
G-755,G-755,BK-840,500gm x 1,0.5,0.5,1,Beef Extract 500gm x 1,other Products,Other Product,success
K-6706,K-6706,BK-542,1 Kg x 1,1.1,1,1,K-RAJA (MYCORRIZA) 1 Kg x 1,Fertilizer,Bio Fertilizer,success
K-5256,K-5254,BK-146,150ML x 3,0.495,0.45,3,thifluzamide 24% SC Peter 150ML x 3,Fungicide,Chemical Fungicide,success
K-5409,K-5409,BK-869,5ltr x 1,5.5,5,1,Beauveria Bassiana 5ltr x 1,Pesticide,Bio Insecticides,success
G-685,G-685,BK-157,1 gm x 1,0.001,0.001,1,Portulaca Mix Seeds (1 gm) 1 gm x 1,Seeds,Seeds,success
K-5406,K-5405,BK-526,1 kg x 3,3.3,3,3,Bio Npk consortia powder 1 kg x 3,Fertilizer,Bio Fertilizer,success
K-1247,K-1247,BK-03,100gm x 1,0.11,0.1,1,dismiss (Dimethomorph 50% WP) 100gm x 1,Fungicide,Chemical Fungicide,success
K-495,K-495,BK-60,250ml x 1,0.275,0.25,1,Azoxy (Azoxystrobin 23 % sc) 250ml x 1,Fungicide,Chemical Fungicide,success
K-1385,K-1380,BK-528,250ml x 20,5.5,5,20,Namami - Tricyclazole 18.0% + Tebuconazole 14.4% SC 250ml x 20,Fungicide,Chemical Fungicide,success
K-6170,K-6170,BK-874,5 kg x 1,5.5,5,1,SULVET - sulphur 80% wdg 5 kg x 1,Fungicide,Chemical Fungicide,success
K-5891,K-5327,BK-874,1 Kg x 3,3.3,3,3,SULVET - sulphur 80% wdg 1 Kg x 3,Fungicide,Chemical Fungicide,success
K-7334,K-7334,BK-486,25 KG x 1,27.5,25,1,Trichoderma Viride Bio Fungicide Powder  25 KG x 1,Fungicide,Bio Fungicide,success
K-5785,K-540,BK-45,500gm x 20,11,10,20,Samartha - Carbendazim 12 % + Mancozeb 63 % WP 500gm x 20,Fungicide,Chemical Fungicide,success
K-6715,K-6715,BK-902,25ltr x 1,27.5,25,1,Sulphur & Iron Bacteria 25ltr x 1,Fertilizer,Bio Fertilizer,success
K-503,K-501,BK-482,250ml x 4,1.1,1,4,Prodizol (Propiconazole 13.9 % + Difenoconazole 13.9 %) 250ml x 4,Fungicide,Chemical Fungicide,success
K-1384,K-1380,BK-528,250ml x 12,3.3,3,12,Namami - Tricyclazole 18.0% + Tebuconazole 14.4% SC 250ml x 12,Fungicide,Chemical Fungicide,success
K-5145,K-5142,BK-486,1 kg x 10,11,10,10,Trichoderma Viride Bio Fungicide Powder  1 kg x 10,Fungicide,Bio Fungicide,success
G-704,G-351,BK-359,100 gm (3.52 oz) x 2,0.2,0.2,2,GMS Powder 100 gm (3.52 oz) x 2,other Products,Other Product,success
K-423,K-420,BK-468,1 Ltr x 10,11,10,10,BT Bio Larvicide liquid 1 Ltr x 10,Pesticide,Bio Insecticides,success
K-5563,K-5560,BK-623,1kg x 10,11,10,10,NEMOTODE PLUS (BIO PESTICIDES Verticillium Chlamydosporium 1% WP) 1kg x 10,Pesticide,Bio Insecticides,success
K-519,K-515,BK-143,400ml x 20,8.8,8,20,Professor (Ametocitradin 27 + Dimethomorph 20.27 SC) 400ml x 20,Fungicide,Chemical Fungicide,success
K-521,K-521,BK-144,400gm x 1,0.44,0.4,1,Meta-manco 400gm x 1,Fungicide,Chemical Fungicide,success
K-566,K-561,BK-44,800gm x 50,44,40,50,kzeb (Mancozeb 75% WP) 800gm x 50,Fungicide,Chemical Fungicide,success
K-5782,K-540,BK-45,500gm  x 2,1.1,1,2,Samartha - Carbendazim 12 % + Mancozeb 63 % WP 500gm  x 2,Fungicide,Chemical Fungicide,success
K-5990,K-5990,BK-469,25kg x 1,27.5,25,1,NEMA PRIME (Pochonia chlamydposporia 1% W.P) 25kg x 1,Pesticide,Bio Insecticides,success
K-5640,K-521,BK-144,400gm x 10,4.4,4,10,Meta-manco 400gm x 10,Fungicide,Chemical Fungicide,success
K-5682,K-5680,BK-543,4kg x 5,22,20,5,BHUMIRAJA (MYCORRHIZA) 4kg x 5,Fertilizer,Bio Fertilizer,success
K-6368,K-6368,BK-490,100 ml x 1,0.11,0.1,1,HEXA 5 PLUS (HEXACONAZOLE 5% SC) 100 ml x 1,Fungicide,Chemical Fungicide,success
K-5797,K-5797,BK-650,100gm x 1,0.11,0.1,1,Beauveria Bassiana Bio Insecticide Powder 100gm x 1,Pesticide,Bio Insecticides,success
K-5641,K-5327,BK-874,1kg x 5,5.5,5,5,SULVET - sulphur 80% wdg 1kg x 5,Fungicide,Chemical Fungicide,success
K-489,K-489,BK-472,250ml x 1,0.275,0.25,1,Azozole (Azoxystrobin 18.2 % + difenoconazole 11.4 % SC) 250ml x 1,Fungicide,Chemical Fungicide,success
K-246,K-244,BK-869,1 Ltr x 5,5.5,5,5,Beauveria Bassiana 1 Ltr x 5,Pesticide,Bio Insecticides,success
K-5811,K-5810,BK-06,470g x 2,1.034,0.94,2,Copper Sulphate 470g x 2,Fungicide,Chemical Fungicide,success
K-545,K-541,BK-45,800gm x 25,22,20,25,Samartha - Carbendazim 12 % + Mancozeb 63 % WP 800gm x 25,Fungicide,Chemical Fungicide,success
K-5143,K-5142,BK-486,1 kg x 3,3.3,3,3,Trichoderma Viride Bio Fungicide Powder  1 kg x 3,Fungicide,Bio Fungicide,success
K-6578,K-6578,BK-997,100ml x 1,0.11,0.1,1,Verticillium lecanii 100ml x 1,Pesticide,Bio Insecticides,success
K-529,K-527,BK-43,800gm x 5,4.4,4,5,PROPI - Propineb 70% WP 800gm x 5,Fungicide,Chemical Fungicide,success
K-6992,K-6992,BK-996,5 ltr x 1,5.5,5,1,Trichoderma harzianum 5 ltr x 1,Fungicide,Bio Fungicide,success
K-473,K-470,BK-867,1 ltr x 10,11,10,10,Pseudomonas fluorescence 1 ltr x 10,Fungicide,Bio Fungicide,success
K-1343,K-1338,BK-527,250gm x 20,5.5,5,20,Chlorothalonil 75% wp 250gm x 20,Fungicide,Chemical Fungicide,success
K-5258,K-5254,BK-146,150ML x 10,1.65,1.5,10,thifluzamide 24% SC Peter 150ML x 10,Fungicide,Chemical Fungicide,success
K-6894,K-5163,BK-859,1 kg x 2,2.2,2,2,Metarhizium Anisopliae Bio Insecticide Powder 1 kg x 2,Pesticide,Bio Insecticides,success
G-697,G-697,BK-169,1 gm x 1,0.001,0.001,1,Zinnia Double Mix Seeds (1 gm) 1 gm x 1,Seeds,Seeds,success
K-464,K-462,BK-996,1 ltr x 5,5.5,5,5,Trichoderma harzianum 1 ltr x 5,Fungicide,Bio Fungicide,success
K-6720,K-6720,BK-60,500 ml x 1,0.55,0.5,1,Azoxy (Azoxystrobin 23 % sc) 500 ml x 1,Fungicide,Chemical Fungicide,success
K-5676,K-5676,BK-480,1Ltr x 1,1.1,1,1,Calcium Solubilizing bacteria 1Ltr x 1,Fertilizer,Bio Fertilizer,success
K-84,K-81,BK-911,1 Ltr x 10,11,10,10,Acetobacter spp 1 Ltr x 10,Fertilizer,Bio Fertilizer,success
K-6916,K-1304,BK-852,1 Ltr x 10,11,10,10,Defender CS 1 Ltr x 10,Fungicide,Chemical Fungicide,success
K-6719,K-6719,BK-113,50kg x 1,55,50,1,Temos - G ( Temephos 1% SG ) 50kg x 1,Pesticide,Bio Pesticides,success
K-477,K-474,BK-870,1 ltr x 10,11,10,10,Paecilomyces Lilacinus 1 ltr x 10,Fungicide,Bio Fungicide,success
K-5991,K-5991,BK-911,25ltr x 1,27.5,25,1,Acetobacter spp 25ltr x 1,Fertilizer,Bio Fertilizer,success
K-5255,K-5254,BK-146,150ML x 2,0.33,0.3,2,thifluzamide 24% SC Peter 150ML x 2,Fungicide,Chemical Fungicide,success
K-557,K-554,BK-632,1 Kg x 5,5.5,5,5,Tebusul (Tebuconazole 10 % + sulphur 65 % wg) 1 Kg x 5,Fungicide,Chemical Fungicide,success
K-570,K-568,BK-46,450gm x 4,1.98,1.8,4,COC (Copper Oxychloride 50% WP) 450gm x 4,Fungicide,Chemical Fungicide,success
G-752,G-752,BK-600,250gm x 1,0.25,0.25,1,Mulethi powder (Brown) 250gm x 1,other Products,Other Product,success
K-6384,K-6384,BK-45,25 gm x 1,0.0275,0.025,1,Samartha - Carbendazim 12 % + Mancozeb 63 % WP 25 gm x 1,Fungicide,Chemical Fungicide,success
K-5165,K-5163,BK-859,1 kg x 5,5.5,5,5,Metarhizium Anisopliae Bio Insecticide Powder 1 kg x 5,Pesticide,Bio Insecticides,success
K-5156,K-5155,BK-650,1 kg x 3,3.3,3,3,Beauveria Bassiana Bio Insecticide Powder 1 kg x 3,Pesticide,Bio Insecticides,success
K-463,K-462,BK-996,1 ltr x 3,3.3,3,3,Trichoderma harzianum 1 ltr x 3,Fungicide,Bio Fungicide,success
K-5690,K-5690,BK-499,100ml x 1,0.11,0.1,1,DrZole (Azoxystrobin 11.00 % Tebuconazole 18.30 % SC) 100ml x 1,Fungicide,Chemical Fungicide,success
K-5668,K-5567,BK-542,100gm x 5,0.55,0.5,5,K-RAJA (MYCORRIZA) 100gm x 5,Fertilizer,Bio Fertilizer,success
K-6571,K-6571,BK-622,25 Ltr x 1,27.5,25,1,Sporothrix Fungorum 25 Ltr x 1,Pesticide,Bio Insecticides,success
K-93,K-93,BK-998,1 Ltr x 1,1.1,1,1,Zinc Solubiilizing Bacteria 1 Ltr x 1,Fertilizer,Bio Fertilizer,success
K-94,K-93,BK-998,1 Ltr x 3,3.3,3,3,Zinc Solubiilizing Bacteria 1 Ltr x 3,Fertilizer,Bio Fertilizer,success
K-5289,K-5289,BK-06,250gm x 1,0.275,0.25,1,Copper Sulphate 250gm x 1,Fungicide,Chemical Fungicide,success
K-5830,K-5830,BK-903,100ml x 1,0.11,0.1,1,compost activator 100ml x 1,Fertilizer,Bio Fertilizer,success
K-554,K-554,BK-632,1 Kg x 1,1.1,1,1,Tebusul (Tebuconazole 10 % + sulphur 65 % wg) 1 Kg x 1,Fungicide,Chemical Fungicide,success
K-6895,K-105,BK-860,1 Ltr x 2,2.2,2,2,Liquid Consortia - Bio NPK 1 Ltr x 2,Fertilizer,Bio Fertilizer,success
K-6246,K-6246,BK-860,20 ltr x 1,22,20,1,Liquid Consortia - Bio NPK 20 ltr x 1,Fertilizer,Bio Fertilizer,success
K-6369,K-6369,BK-863,25 ltr x 1,27.5,25,1,VAM (Vesicular Arbuscular Mycorrhiza) 25 ltr x 1,Fertilizer,Bio Fertilizer,success
K-533,K-533,BK-47,250gm x 1,0.275,0.25,1,KTM (THIOPHANATE METHYL 70% WP) 250gm x 1,Fungicide,Chemical Fungicide,success
K-1394,K-1387,BK-145,100 gm x 100,11,10,100,Plantivo - Tebuconazole 50% + Trifloxystrobin 25% WG 100 gm x 100,Fungicide,Chemical Fungicide,success
K-5200,K-5117,BK-06,1kg x 100,110,100,100,Copper Sulphate 1kg x 100,Fungicide,Chemical Fungicide,success
K-6892,K-5405,BK-526,1 kg x 2,2.2,2,2,Bio Npk consortia powder 1 kg x 2,Fertilizer,Bio Fertilizer,success
K-247,K-244,BK-869,1 Ltr x 10,11,10,10,Beauveria Bassiana 1 Ltr x 10,Pesticide,Bio Insecticides,success
K-5407,K-5405,BK-526,1 kg x 5,5.5,5,5,Bio Npk consortia powder 1 kg x 5,Fertilizer,Bio Fertilizer,success
K-5251,K-5251,BK-467,250gm x 1,0.275,0.25,1,ELPI (Cymoxanil 8 % + Mancozeb 64 % WP) 250gm x 1,Fungicide,Chemical Fungicide,success
K-5861,K-5861,BK-45,400gm x 1,0.44,0.4,1,Samartha - Carbendazim 12 % + Mancozeb 63 % WP 400gm x 1,Fungicide,Chemical Fungicide,success
K-6898,K-5676,BK-480,1Ltr x 2,2.2,2,2,Calcium Solubilizing bacteria 1Ltr x 2,Fertilizer,Bio Fertilizer,success
K-524,K-522,BK-03,200gm x 50,11,10,50,dismiss (Dimethomorph 50% WP) 200gm x 50,Fungicide,Chemical Fungicide,success
K-6749,K-6749,BK-623,25 kg x 1,27.5,25,1,NEMOTODE PLUS (BIO PESTICIDES Verticillium Chlamydosporium 1% WP) 25 kg x 1,Pesticide,Bio Insecticides,success
K-1340,K-1338,BK-527,250gm x 4,1.1,1,4,Chlorothalonil 75% wp 250gm x 4,Fungicide,Chemical Fungicide,success
K-6689,K-5821,BK-472,100ml x 2,0.22,0.2,2,Azozole (Azoxystrobin 18.2 % + difenoconazole 11.4 % SC) 100ml x 2,Fungicide,Chemical Fungicide,success
K-5865,K-5865,BK-543,25kg x 1,27.5,25,1,BHUMIRAJA (MYCORRHIZA) 25kg x 1,Fertilizer,Bio Fertilizer,success
K-458,K-458,BK-546,1 ltr x 1,1.1,1,1,Trichoderma viride 1 ltr x 1,Fungicide,Bio Fungicide,success
K-70,K-69,BK-917,1 Ltr x 3,3.3,3,3,Rhizobium spp 1 Ltr x 3,Fertilizer,Bio Fertilizer,success
K-5325,K-5325,BK-09,1kg x 1,1.1,1,1,MYCORRHIZA 1kg x 1,Fertilizer,Bio Fertilizer,success
K-86,K-85,BK-790,1 Ltr x 3,3.3,3,3,Phosphate Solubilizing Bacteria 1 Ltr x 3,Fertilizer,Bio Fertilizer,success
K-6218,K-6218,BK-45,1kg x 1,1.1,1,1,Samartha - Carbendazim 12 % + Mancozeb 63 % WP 1kg x 1,Fungicide,Chemical Fungicide,success
K-5784,K-540,BK-45,500gm x 10,5.5,5,10,Samartha - Carbendazim 12 % + Mancozeb 63 % WP 500gm x 10,Fungicide,Chemical Fungicide,success
K-6577,K-6577,BK-867,100 ml x 1,0.11,0.1,1,Pseudomonas fluorescence 100 ml x 1,Fungicide,Bio Fungicide,success
K-474,K-474,BK-870,1 ltr x 1,1.1,1,1,Paecilomyces Lilacinus 1 ltr x 1,Fungicide,Bio Fungicide,success
K-481,K-478,BK-491,1 ltr x 10,11,10,10,Bacillus supp 2% AS 1 ltr x 10,Fungicide,Bio Fungicide,success
K-5170,K-5167,BK-901,1 kg x 10,11,10,10,Verticillium Lecanii Bio Insecticide Powder 1 kg x 10,Pesticide,Bio Insecticides,success
G-688,G-688,BK-160,1 gm x 1,0.001,0.001,1,Petunia Mix Seeds (1 gm) 1 gm x 1,Seeds,Seeds,success
G-686,G-686,BK-158,1 gm x 1,0.001,0.001,1,Chrysanthemum Mix Seeds (1 gm) 1 gm x 1,Seeds,Seeds,success
K-7079,K-7079,BK-487,20 gm x 1,0.022,0.02,1,Trichoderma Harzianum Bio Fungicide Powder  20 gm x 1,Fungicide,Bio Fungicide,success
K-240,K-240,BK-622,1 Ltr x 1,1.1,1,1,Sporothrix Fungorum 1 Ltr x 1,Pesticide,Bio Insecticides,success
K-5117,K-5117,BK-06,1kg x 1,1.1,1,1,Copper Sulphate 1kg x 1,Fungicide,Chemical Fungicide,success
K-479,K-478,BK-491,1 ltr x 3,3.3,3,3,Bacillus supp 2% AS 1 ltr x 3,Fungicide,Bio Fungicide,success
K-546,K-541,BK-45,800gm x 62,55,50,62,Samartha - Carbendazim 12 % + Mancozeb 63 % WP 800gm x 62,Fungicide,Chemical Fungicide,success
K-249,K-248,BK-997,1 Ltr x 3,3.3,3,3,Verticillium lecanii 1 Ltr x 3,Pesticide,Bio Insecticides,success
K-6687,K-5998,BK-499,1ltr x 2,2.2,2,2,DrZole (Azoxystrobin 11.00 % Tebuconazole 18.30 % SC) 1ltr x 2,Fungicide,Chemical Fungicide,success
K-6489,K-6489,BK-06,5 kg x 1,5.5,5,1,Copper Sulphate 5 kg x 1,Fungicide,Chemical Fungicide,success
K-541,K-541,BK-45,800gm x 1,0.88,0.8,1,Samartha - Carbendazim 12 % + Mancozeb 63 % WP 800gm x 1,Fungicide,Chemical Fungicide,success
K-549,K-547,BK-467,500gm x 6,3.3,3,6,ELPI (Cymoxanil 8 % + Mancozeb 64 % WP) 500gm x 6,Fungicide,Chemical Fungicide,success
G-753,G-753,BK-618,340gm x 1,0.34,0.34,1,SunFlower Lacithin powder 340gm x 1,other Products,Other Product,success
K-511,K-508,BK-473,250ml x 7,1.925,1.75,7,Difenoconazole 25% EC - CONCOR 250ml x 7,Fungicide,Chemical Fungicide,success
K-5927,K-5927,BK-862,25 Ltr x 1,27.5,25,1,Triple Attack - VBM 25 Ltr x 1,Pesticide,Bio Insecticides,success
K-5323,K-5323,BK-632,100 gm x 1,0.11,0.1,1,Tebusul (Tebuconazole 10 % + sulphur 65 % wg) 100 gm x 1,Fungicide,Chemical Fungicide,success
K-422,K-420,BK-468,1 Ltr x 5,5.5,5,5,BT Bio Larvicide liquid 1 Ltr x 5,Pesticide,Bio Insecticides,success
K-5155,K-5155,BK-650,1 kg x 1,1.1,1,1,Beauveria Bassiana Bio Insecticide Powder 1 kg x 1,Pesticide,Bio Insecticides,success
K-6356,K-6356,BK-641,5 kg x 1,5.5,5,1,Hexaconazole 0.5% granuales 5 kg x 1,Fungicide,Chemical Fungicide,success
K-76,K-73,BK-994,1 Ltr x 10,11,10,10,Azotobacter spp 1 Ltr x 10,Fertilizer,Bio Fertilizer,success
K-6848,K-6848,BK-870,5 ltr x 1,5.5,5,1,Paecilomyces Lilacinus 5 ltr x 1,Fungicide,Bio Fungicide,success
K-435,K-433,BK-475,250ml x 4,1.1,1,4,Boost (Propiconazole 25 % EC) 250ml x 4,Fungicide,Chemical Fungicide,success
K-6674,K-5327,BK-874,1kg x 50,55,50,50,SULVET - sulphur 80% wdg 1kg x 50,Fungicide,Chemical Fungicide,success
G-694,G-694,BK-166,1 gm x 1,0.001,0.001,1,Sunflower Sungold Seeds (1 gm) 1 gm x 1,Seeds,Seeds,success
K-5553,K-5552,BK-469,1KG x 3,3.3,3,3,NEMA PRIME (Pochonia chlamydposporia 1% W.P) 1KG x 3,Pesticide,Bio Insecticides,success
K-5555,K-5552,BK-469,1kg x 10,11,10,10,NEMA PRIME (Pochonia chlamydposporia 1% W.P) 1kg x 10,Pesticide,Bio Insecticides,success
K-6745,K-6745,BK-997,25 Ltr x 1,27.5,25,1,Verticillium lecanii 25 Ltr x 1,Pesticide,Bio Insecticides,success
K-5557,K-5556,BK-651,1Ltr x 3,3.3,3,3,NEMA PRIME (Pochonia chlamydposporia 1% ) LIQUID 1Ltr x 3,Pesticide,Bio Insecticides,success
G-748,G-748,BK-929,227 gm x 1,0.227,0.227,1,Light Kaolin 227 gm x 1,other Products,Other Product,success
K-953,K-5787,BK-874,25kg x 40,1100,1000,40,SULVET - sulphur 80% wdg 25kg x 40,Fungicide,Chemical Fungicide,success
K-6688,K-5998,BK-499,1ltr x 5,5.5,5,5,DrZole (Azoxystrobin 11.00 % Tebuconazole 18.30 % SC) 1ltr x 5,Fungicide,Chemical Fungicide,success
K-5881,K-141,BK-5830,250 ml x 3,0.825,0.75,3,Bhannat Biostimulant 250 ml x 3,Fertilizer,Bio Stimulant,success
K-6388,K-6388,BK-862,100 ml x 1,0.11,0.1,1,Triple Attack - VBM 100 ml x 1,Pesticide,Bio Insecticides,success
K-6805,K-6805,BK-475,100ml x 1,0.11,0.1,1,Boost (Propiconazole 25 % EC) 100ml x 1,Fungicide,Chemical Fungicide,success
G-658,G-658,BK-242,1.05 gm x 1,0.00105,0.00105,1,Cabbage Seeds Vegetable seeds 1.05 gm x 1,Seeds,Seeds,success
K-438,K-433,BK-475,250ml x 20,5.5,5,20,Boost (Propiconazole 25 % EC) 250ml x 20,Fungicide,Chemical Fungicide,success
K-6721,K-6721,BK-143,5 Ltr x 1,5.5,5,1,Professor (Ametocitradin 27 + Dimethomorph 20.27 SC) 5 Ltr x 1,Fungicide,Chemical Fungicide,success
K-5787,K-5787,BK-874,25kg x 1,27.5,25,1,SULVET - sulphur 80% wdg 25kg x 1,Fungicide,Chemical Fungicide,success
K-1380,K-1380,BK-528,250ml x 1,0.275,0.25,1,Namami - Tricyclazole 18.0% + Tebuconazole 14.4% SC 250ml x 1,Fungicide,Chemical Fungicide,success
K-7207,K-7207,BK-874,250 gm x 1,0.275,0.25,1,SULVET - sulphur 80% wdg 250 gm x 1,Fungicide,Chemical Fungicide,success
K-6708,K-6708,BK-43,1 Kg x 1,1.1,1,1,PROPI - Propineb 70% WP 1 Kg x 1,Fungicide,Chemical Fungicide,success
K-7198,K-7198,BK-790,500 ml x 1,0.55,0.5,1,Phosphate Solubilizing Bacteria 500 ml x 1,Fertilizer,Bio Fertilizer,success
K-6753,K-6753,BK-817,25 Ltr x 1,27.5,25,1,Ampelomyces quisqualis 25 Ltr x 1,Fungicide,Bio Fungicide,success
K-496,K-495,BK-60,250ml x 3,0.825,0.75,3,Azoxy (Azoxystrobin 23 % sc) 250ml x 3,Fungicide,Chemical Fungicide,success
G-635,G-140,BK-227,20gm x 10,0.2,0.2,10,green onion  (leek)_Vegetable seeds 20gm x 10,Seeds,Seeds,success
K-5642,K-5327,BK-874,1kg x 10,11,10,10,SULVET - sulphur 80% wdg 1kg x 10,Fungicide,Chemical Fungicide,success
K-504,K-501,BK-482,250ml x 7,1.925,1.75,7,Prodizol (Propiconazole 13.9 % + Difenoconazole 13.9 %) 250ml x 7,Fungicide,Chemical Fungicide,success
K-5559,K-5556,BK-651,1Ltr x 10,11,10,10,NEMA PRIME (Pochonia chlamydposporia 1% ) LIQUID 1Ltr x 10,Pesticide,Bio Insecticides,success
K-513,K-508,BK-473,250ml x 20,5.5,5,20,Difenoconazole 25% EC - CONCOR 250ml x 20,Fungicide,Chemical Fungicide,success
K-5635,K-5824,BK-995,250ml x 12,3.3,3,12,Chatur - Mancozeb 40% + Azoxystrobin 7% 250ml x 12,Fungicide,Chemical Fungicide,success
K-502,K-501,BK-482,250ml x 3,0.825,0.75,3,Prodizol (Propiconazole 13.9 % + Difenoconazole 13.9 %) 250ml x 3,Fungicide,Chemical Fungicide,success
K-515,K-515,BK-143,400ml x 1,0.44,0.4,1,Professor (Ametocitradin 27 + Dimethomorph 20.27 SC) 400ml x 1,Fungicide,Chemical Fungicide,success
K-512,K-508,BK-473,250ml x 12,3.3,3,12,Difenoconazole 25% EC - CONCOR 250ml x 12,Fungicide,Chemical Fungicide,success
K-1139,K-1139,BK-143,250ml x 1,0.275,0.25,1,Professor (Ametocitradin 27 + Dimethomorph 20.27 SC) 250ml x 1,Fungicide,Chemical Fungicide,success
K-518,K-515,BK-143,400ml x 10,4.4,4,10,Professor (Ametocitradin 27 + Dimethomorph 20.27 SC) 400ml x 10,Fungicide,Chemical Fungicide,success
K-257,K-256,BK-862,1 Ltr x 3,3.3,3,3,Triple Attack - VBM 1 Ltr x 3,Pesticide,Bio Insecticides,success
K-490,K-489,BK-472,250ml x 3,0.825,0.75,3,Azozole (Azoxystrobin 18.2 % + difenoconazole 11.4 % SC) 250ml x 3,Fungicide,Chemical Fungicide,success
K-5558,K-5556,BK-651,1Ltr x 5,5.5,5,5,NEMA PRIME (Pochonia chlamydposporia 1% ) LIQUID 1Ltr x 5,Pesticide,Bio Insecticides,success
K-7037,K-5824,BK-995,250ml x 3,0.825,0.75,3,Chatur - Mancozeb 40% + Azoxystrobin 7% 250ml x 3,Fungicide,Chemical Fungicide,success
K-111,K-109,BK-863,1 Ltr x 5,5.5,5,5,VAM (Vesicular Arbuscular Mycorrhiza) 1 Ltr x 5,Fertilizer,Bio Fertilizer,success
G-648,G-607,BK-772,250gm x 10,2.5,2.5,10,alfalfa  (lucerne grass)_Trees and grass seeds 250gm x 10,Seeds,Seeds,success
G-689,G-689,BK-161,1 gm x 1,0.001,0.001,1,cosmos mix seeds (1 gm) 1 gm x 1,Seeds,Seeds,success
K-6274,K-6274,BK-47,100 gm x 1,0.11,0.1,1,KTM (THIOPHANATE METHYL 70% WP) 100 gm x 1,Fungicide,Chemical Fungicide,success
K-534,K-533,BK-47,250gm x 2,0.55,0.5,2,KTM (THIOPHANATE METHYL 70% WP) 250gm x 2,Fungicide,Chemical Fungicide,success
K-552,K-547,BK-467,500gm x 40,22,20,40,ELPI (Cymoxanil 8 % + Mancozeb 64 % WP) 500gm x 40,Fungicide,Chemical Fungicide,success
G-757,G-757,BK-606,50gm x 1,0.05,0.05,1,D-Mannitol 50gm x 1,other Products,Other Product,success
K-5087,K-5087,BK-47,1 kg x 1,1.1,1,1,KTM (THIOPHANATE METHYL 70% WP) 1 kg x 1,Fungicide,Chemical Fungicide,success
K-1383,K-1380,BK-528,250ml x 7,1.925,1.75,7,Namami - Tricyclazole 18.0% + Tebuconazole 14.4% SC 250ml x 7,Fungicide,Chemical Fungicide,success
K-5146,K-5146,BK-553,1 kg x 1,1.1,1,1,Paecilomyces Lilacinus Bio Powder 1 kg x 1,Fungicide,Bio Fungicide,success
K-143,K-142,BK-5830,1 Ltr x 3,3.3,3,3,Bhannat Biostimulant 1 Ltr x 3,Fertilizer,Bio Stimulant,success
K-6076,K-6076,BK-46,500gm x 1,0.55,0.5,1,COC (Copper Oxychloride 50% WP) 500gm x 1,Fungicide,Chemical Fungicide,success
K-100,K-97,BK-902,1 Ltr x 10,11,10,10,Sulphur & Iron Bacteria 1 Ltr x 10,Fertilizer,Bio Fertilizer,success
K-7028,K-7028,BK-472,500 ML x 1,0.55,0.5,1,Azozole (Azoxystrobin 18.2 % + difenoconazole 11.4 % SC) 500 ML x 1,Fungicide,Chemical Fungicide,success
K-6716,K-6716,BK-998,25ltr x 1,27.5,25,1,Zinc Solubiilizing Bacteria 25ltr x 1,Fertilizer,Bio Fertilizer,success
K-456,K-547,BK-467,500gm x 100,55,50,100,ELPI (Cymoxanil 8 % + Mancozeb 64 % WP) 500gm x 100,Fungicide,Chemical Fungicide,success
K-457,K-5019,BK-467,1 Kg x 100,110,100,100,ELPI (Cymoxanil 8 % + Mancozeb 64 % WP) 1 Kg x 100,Fungicide,Chemical Fungicide,success
K-555,K-553,BK-632,500gm x 3,1.65,1.5,3,Tebusul (Tebuconazole 10 % + sulphur 65 % wg) 500gm x 3,Fungicide,Chemical Fungicide,success
K-1212,K-561,BK-44,800gm x 50,55,50,50,kzeb (Mancozeb 75% WP) 800gm x 50,Fungicide,Chemical Fungicide,success
K-5988,K-5988,BK-917,25LTR X 1,27.5,25,1,Rhizobium spp 25LTR X 1,Fertilizer,Bio Fertilizer,success
K-5160,K-5159,BK-468,1 kg x 3,3.3,3,3,BT Bio Larvicide Powder 1 kg x 3,Pesticide,Bio Insecticides,success
K-535,K-533,BK-47,250gm x 4,1.1,1,4,KTM (THIOPHANATE METHYL 70% WP) 250gm x 4,Fungicide,Chemical Fungicide,success
K-6766,K-6766,BK-60,25 Ltr x 1,27.5,25,1,Azoxy (Azoxystrobin 23 % sc) 25 Ltr x 1,Fungicide,Chemical Fungicide,success
K-6318,K-6318,BK-44,25 kg x 1,27.5,25,1,kzeb (Mancozeb 75% WP) 25 kg x 1,Fungicide,Chemical Fungicide,success
K-1189,K-1189,BK-44,1kg x 1,1.1,1,1,Advance Pesticide Mancozeb 75 1kg x 1,Fungicide,Chemical Fungicide,success
K-439,K-433,BK-475,250ml x 40,11,10,40,Boost (Propiconazole 25 % EC) 250ml x 40,Fungicide,Chemical Fungicide,success
K-5867,K-5867,BK-46,1KG X 1,1.1,1,1,COC (Copper Oxychloride 50% WP) 1KG X 1,Fungicide,Chemical Fungicide,success
K-5045,K-5045,BK-46,20kg x 1,22,20,1,COC (Copper Oxychloride 50% WP) 20kg x 1,Fungicide,Chemical Fungicide,success
K-1153,K-1153,BK-45,100gm x 1,0.11,0.1,1,Samartha - Carbendazim 12 % + Mancozeb 63 % WP 100gm x 1,Fungicide,Chemical Fungicide,success
K-559,K-554,BK-632,1 Kg x 20,22,20,20,Tebusul (Tebuconazole 10 % + sulphur 65 % wg) 1 Kg x 20,Fungicide,Chemical Fungicide,success
K-75,K-73,BK-994,1 Ltr x 5,5.5,5,5,Azotobacter spp 1 Ltr x 5,Fertilizer,Bio Fertilizer,success
K-1190,K-1190,BK-45,250gm x 1,0.275,0.25,1,Samartha - Carbendazim 12 % + Mancozeb 63 % WP 250gm x 1,Fungicide,Chemical Fungicide,success
K-6500,K-6500,BK-499,500 ml x 1,0.55,0.5,1,DrZole (Azoxystrobin 11.00 % Tebuconazole 18.30 % SC) 500 ml x 1,Fungicide,Chemical Fungicide,success
K-539,K-533,BK-47,250gm x 40,11,10,40,KTM (THIOPHANATE METHYL 70% WP) 250gm x 40,Fungicide,Chemical Fungicide,success
K-1166,K-1166,BK-09,970gm x 1,1.067,0.97,1,MYCORRHIZA 970gm x 1,Fertilizer,Bio Fertilizer,success
K-6392,K-6392,BK-5830,50 ml x 1,0.055,0.05,1,Bhannat Biostimulant 50 ml x 1,Fertilizer,Bio Stimulant,success
G-747,G-747,BK-928,120Gm x 1,0.12,0.12,1,Cellulose Ether 120Gm x 1,other Products,Other Product,success
K-251,K-248,BK-997,1 Ltr x 10,11,10,10,Verticillium lecanii 1 Ltr x 10,Pesticide,Bio Insecticides,success
G-763,G-763,BK-378,5gm x 1,0.005,0.005,1,Pepsin Powder 5gm x 1,other Products,Lab-Grade,success
K-5298,K-5298,BK-03,5 KG x 1,5.5,5,1,dismiss (Dimethomorph 50% WP) 5 KG x 1,Fungicide,Chemical Fungicide,success
K-530,K-527,BK-43,800gm x 10,8.8,8,10,PROPI - Propineb 70% WP 800gm x 10,Fungicide,Chemical Fungicide,success
K-5164,K-5163,BK-859,1 kg x 3,3.3,3,3,Metarhizium Anisopliae Bio Insecticide Powder 1 kg x 3,Pesticide,Bio Insecticides,success
K-6282,K-6282,BK-543,1 kg x 1,1.1,1,1,BHUMIRAJA (MYCORRHIZA) 1 kg x 1,Fertilizer,Bio Fertilizer,success
K-5199,K-567,BK-46,250gm x 8,2.2,2,8,COC (Copper Oxychloride 50% WP) 250gm x 8,Fungicide,Chemical Fungicide,success
K-6699,K-6699,BK-473,1ltr x 1,1.1,1,1,Difenoconazole 25% EC - CONCOR 1ltr x 1,Fungicide,Chemical Fungicide,success
K-494,K-489,BK-472,250ml x 20,5.5,5,20,Azozole (Azoxystrobin 18.2 % + difenoconazole 11.4 % SC) 250ml x 20,Fungicide,Chemical Fungicide,success
K-517,K-515,BK-143,400ml x 5,2.2,2,5,Professor (Ametocitradin 27 + Dimethomorph 20.27 SC) 400ml x 5,Fungicide,Chemical Fungicide,success
K-69,K-69,BK-917,1 Ltr x 1,1.1,1,1,Rhizobium spp 1 Ltr x 1,Fertilizer,Bio Fertilizer,success
K-548,K-547,BK-467,500gm x 3,1.65,1.5,3,ELPI (Cymoxanil 8 % + Mancozeb 64 % WP) 500gm x 3,Fungicide,Chemical Fungicide,success
K-6621,K-5690,BK-499,100ml x 2,0.22,0.2,2,DrZole (Azoxystrobin 11.00 % Tebuconazole 18.30 % SC) 100ml x 2,Fungicide,Chemical Fungicide,success
K-1280,K-5824,BK-995,250ml x 40,11,10,40,Chatur - Mancozeb 40% + Azoxystrobin 7% 250ml x 40,Fungicide,Chemical Fungicide,success
K-1386,K-1380,BK-528,250ml x 40,11,10,40,Namami - Tricyclazole 18.0% + Tebuconazole 14.4% SC 250ml x 40,Fungicide,Chemical Fungicide,success
K-5998,K-5998,BK-499,1ltr x 1,1.1,1,1,DrZole (Azoxystrobin 11.00 % Tebuconazole 18.30 % SC) 1ltr x 1,Fungicide,Chemical Fungicide,success
K-1136,K-1139,BK-143,250 ML x 2,0.55,0.5,2,Professor (Ametocitradin 27 + Dimethomorph 20.27 SC) 250 ML x 2,Fungicide,Chemical Fungicide,success
K-5819,K-6721,BK-143,5 Ltr x 6,33,30,6,Professor (Ametocitradin 27 + Dimethomorph 20.27 SC) 5 Ltr x 6,Fungicide,Chemical Fungicide,success
K-6796,K-6219,BK-472,1 Ltr  x 2,2.2,2,2,Azozole (Azoxystrobin 18.2 % + difenoconazole 11.4 % SC) 1 Ltr  x 2,Fungicide,Chemical Fungicide,success
K-80,K-77,BK-652,1 Ltr x 10,11,10,10,Azospirillum spp 1 Ltr x 10,Fertilizer,Bio Fertilizer,success
K-6914,K-1304,BK-852,1 Ltr x 3,3.3,3,3,Defender CS 1 Ltr x 3,Fungicide,Chemical Fungicide,success
K-5658,K-5658,BK-526,250gm x 1,0.275,0.25,1,Bio Npk consortia powder 250gm x 1,Fertilizer,Bio Fertilizer,success
K-528,K-527,BK-43,800gm x 2,1.76,1.6,2,PROPI - Propineb 70% WP 800gm x 2,Fungicide,Chemical Fungicide,success
K-1211,K-533,BK-47,250gm x 3,0.825,0.75,3,KTM (THIOPHANATE METHYL 70% WP) 250gm x 3,Fungicide,Chemical Fungicide,success
K-493,K-489,BK-472,250ml x 12,3.3,3,12,Azozole (Azoxystrobin 18.2 % + difenoconazole 11.4 % SC) 250ml x 12,Fungicide,Chemical Fungicide,success
K-1388,K-1387,BK-145,100 gm x 2,0.22,0.2,2,Plantivo - Tebuconazole 50% + Trifloxystrobin 25% WG 100 gm x 2,Fungicide,Chemical Fungicide,success
K-1209,K-1139,BK-143,250ml x 20,5.5,5,20,Professor (Ametocitradin 27 + Dimethomorph 20.27 SC) 250ml x 20,Fungicide,Chemical Fungicide,success
K-468,K-466,BK-817,1 ltr x 5,5.5,5,5,Ampelomyces quisqualis 1 ltr x 5,Fungicide,Bio Fungicide,success
K-6098,K-6098,BK-06,25kg x 1,27.5,25,1,Copper Sulphate 25kg x 1,Fungicide,Chemical Fungicide,success
K-520,K-515,BK-143,400ml x 100,44,40,100,Professor (Ametocitradin 27 + Dimethomorph 20.27 SC) 400ml x 100,Fungicide,Chemical Fungicide,success
K-6077,K-6077,BK-06,500gm x 1,0.55,0.5,1,Copper Sulphate 500gm x 1,Fungicide,Chemical Fungicide,success
K-6159,K-6159,BK-995,1Ltr x 1,1.1,1,1,Chatur - Mancozeb 40% + Azoxystrobin 7% 1Ltr x 1,Fungicide,Chemical Fungicide,success
G-642,G-588,BK-250,0.5gm x 10,0.005,0.005,10,black brinjal  (round)_Vegetable seeds 0.5gm x 10,Seeds,Seeds,success
K-5403,K-5401,BK-493,1Ltr x 5,5.5,5,5,BACSIL SILICA SOLUBIZING BACTERIA 1Ltr x 5,Fertilizer,Bio Fertilizer,success
K-5636,K-5824,BK-995,250ml x 20,5.5,5,20,Chatur - Mancozeb 40% + Azoxystrobin 7% 250ml x 20,Fungicide,Chemical Fungicide,success
K-5810,K-5810,BK-06,470g x 1,0.517,0.47,1,Copper Sulphate 470g x 1,Fungicide,Chemical Fungicide,success
K-5638,K-521,BK-144,400gm x 2,0.88,0.8,2,Meta-manco 400gm x 2,Fungicide,Chemical Fungicide,success
K-5254,K-5254,BK-146,150ML x 1,0.165,0.15,1,thifluzamide 24% SC Peter 150ML x 1,Fungicide,Chemical Fungicide,success
K-1381,K-1380,BK-528,250ml x 3,0.825,0.75,3,Namami - Tricyclazole 18.0% + Tebuconazole 14.4% SC 250ml x 3,Fungicide,Chemical Fungicide,success
K-1137,K-489,BK-472,250 ML x 2,0.55,0.5,2,Azozole (Azoxystrobin 18.2 % + difenoconazole 11.4 % SC) 250 ML x 2,Fungicide,Chemical Fungicide,success
K-72,K-69,BK-917,1 Ltr x 10,11,10,10,Rhizobium spp 1 Ltr x 10,Fertilizer,Bio Fertilizer,success
G-670,G-670,BK-237,5 gm x 1,0.005,0.005,1,Pak Choi Seeds_Vegitable Seed 5 gm x 1,Seeds,Seeds,success
K-5637,K-6159,BK-995,1Ltr x 10,11,10,10,Chatur - Mancozeb 40% + Azoxystrobin 7% 1Ltr x 10,Fungicide,Chemical Fungicide,success
K-482,K-482,BK-490,500ml x 1,0.55,0.5,1,HEXA 5 PLUS (HEXACONAZOLE 5% SC) 500ml x 1,Fungicide,Chemical Fungicide,success
K-259,K-256,BK-862,1 Ltr x 10,11,10,10,Triple Attack - VBM 1 Ltr x 10,Pesticide,Bio Insecticides,success
K-582,K-577,BK-499,250ml x 20,5.5,5,20,DrZole (Azoxystrobin 11.00 % Tebuconazole 18.30 % SC) 250ml x 20,Fungicide,Chemical Fungicide,success
K-484,K-483,BK-490,1000ml x 5,5.5,5,5,HEXA 5 PLUS (HEXACONAZOLE 5% SC) 1000ml x 5,Fungicide,Chemical Fungicide,success
K-558,K-554,BK-632,1 Kg x 10,11,10,10,Tebusul (Tebuconazole 10 % + sulphur 65 % wg) 1 Kg x 10,Fungicide,Chemical Fungicide,success
K-6896,K-458,BK-546,1 ltr x 2,2.2,2,2,Trichoderma viride 1 ltr x 2,Fungicide,Bio Fungicide,success
K-90,K-89,BK-918,1 Ltr x 3,3.3,3,3,Potash Mobilizing Bacteria 1 Ltr x 3,Fertilizer,Bio Fertilizer,success
K-499,K-495,BK-60,250ml x 12,3.3,3,12,Azoxy (Azoxystrobin 23 % sc) 250ml x 12,Fungicide,Chemical Fungicide,success
K-1141,K-554,BK-632,1 Kg X 2,2.2,2,2,Tebusul (Tebuconazole 10 % + sulphur 65 % wg) 1 Kg X 2,Fungicide,Chemical Fungicide,success
K-6901,K-97,BK-902,1 Ltr x 2,2.2,2,2,Sulphur & Iron Bacteria 1 Ltr x 2,Fertilizer,Bio Fertilizer,success
K-461,K-458,BK-546,1 ltr x 10,11,10,10,Trichoderma viride 1 ltr x 10,Fungicide,Bio Fungicide,success
K-476,K-474,BK-870,1 ltr x 5,5.5,5,5,Paecilomyces Lilacinus 1 ltr x 5,Fungicide,Bio Fungicide,success
K-6641,K-6641,BK-06,10 kg x 1,11,10,1,Copper Sulphate 10 kg x 1,Fungicide,Chemical Fungicide,success
K-254,K-252,BK-992,1 Ltr x 5,5.5,5,5,Metarhizium anisopliae 1 Ltr x 5,Pesticide,Bio Insecticides,success
K-87,K-85,BK-790,1 Ltr x 5,5.5,5,5,Phosphate Solubilizing Bacteria 1 Ltr x 5,Fertilizer,Bio Fertilizer,success
K-241,K-240,BK-622,1 Ltr x 3,3.3,3,3,Sporothrix Fungorum 1 Ltr x 3,Pesticide,Bio Insecticides,success
G-756,G-756,BK-609,227gm x 1,0.227,0.227,1,Calcium phosphate Tribasic 227gm x 1,other Products,Other Product,success
K-465,K-462,BK-996,1 ltr x 10,11,10,10,Trichoderma harzianum 1 ltr x 10,Fungicide,Bio Fungicide,success
K-6911,K-6911,BK-554,100 gm x 1,0.11,0.1,1,BACILLUS SUPP 2% AS Powder 100 gm x 1,Fungicide,Bio Fungicide,success
K-5639,K-521,BK-144,400gm x 5,2.2,2,5,Meta-manco 400gm x 5,Fungicide,Chemical Fungicide,success
K-6764,K-6764,BK-467,25 kg x 1,27.5,25,1,ELPI (Cymoxanil 8 % + Mancozeb 64 % WP) 25 kg x 1,Fungicide,Chemical Fungicide,success
K-1216,K-554,BK-632,1 Kg x 50,55,50,50,Tebusul (Tebuconazole 10 % + sulphur 65 % wg) 1 Kg x 50,Fungicide,Chemical Fungicide,success
K-5634,K-5824,BK-995,250ml x 4,1.1,1,4,Chatur - Mancozeb 40% + Azoxystrobin 7% 250ml x 4,Fungicide,Chemical Fungicide,success
K-578,K-577,BK-499,250ml x 3,0.825,0.75,3,DrZole (Azoxystrobin 11.00 % Tebuconazole 18.30 % SC) 250ml x 3,Fungicide,Chemical Fungicide,success
K-6739,K-6739,BK-903,25 Ltr x 1,27.5,25,1,compost activator 25 Ltr x 1,Fertilizer,Bio Fertilizer,success
K-6807,K-6805,BK-475,100ml x 3,0.33,0.3,3,Boost (Propiconazole 25 % EC) 100ml x 3,Fungicide,Chemical Fungicide,success
K-537,K-533,BK-47,250gm x 12,3.3,3,12,KTM (THIOPHANATE METHYL 70% WP) 250gm x 12,Fungicide,Chemical Fungicide,success
K-475,K-474,BK-870,1 ltr x 3,3.3,3,3,Paecilomyces Lilacinus 1 ltr x 3,Fungicide,Bio Fungicide,success
K-5169,K-5167,BK-901,1 kg x 5,5.5,5,5,Verticillium Lecanii Bio Insecticide Powder 1 kg x 5,Pesticide,Bio Insecticides,success
K-7035,K-7035,BK-475,1 Litre x 1,1.1,1,1,Boost (Propiconazole 25 % EC) 1 Litre x 1,Fungicide,Chemical Fungicide,success
K-6846,K-6846,BK-862,5 Ltr x 1,5.5,5,1,Triple Attack - VBM 5 Ltr x 1,Pesticide,Bio Insecticides,success
K-1344,K-1338,BK-527,250gm x 40,11,10,40,Chlorothalonil 75% wp 250gm x 40,Fungicide,Chemical Fungicide,success
G-692,G-692,BK-164,1 gm x 1,0.001,0.001,1,Zinnia Lilliput Mix Seeds (1 gm) 1 gm x 1,Seeds,Seeds,success
K-91,K-89,BK-918,1 Ltr x 5,5.5,5,5,Potash Mobilizing Bacteria 1 Ltr x 5,Fertilizer,Bio Fertilizer,success
K-89,K-89,BK-918,1 Ltr x 1,1.1,1,1,Potash Mobilizing Bacteria 1 Ltr x 1,Fertilizer,Bio Fertilizer,success
K-5259,K-5254,BK-146,150ML x 20,3.3,3,20,thifluzamide 24% SC Peter 150ML x 20,Fungicide,Chemical Fungicide,success
K-5159,K-5159,BK-468,1 kg x 1,1.1,1,1,BT Bio Larvicide Powder 1 kg x 1,Pesticide,Bio Insecticides,success
K-71,K-69,BK-917,1 Ltr x 5,5.5,5,5,Rhizobium spp 1 Ltr x 5,Fertilizer,Bio Fertilizer,success
K-497,K-495,BK-60,250ml x 4,1.1,1,4,Azoxy (Azoxystrobin 23 % sc) 250ml x 4,Fungicide,Chemical Fungicide,success
K-1246,K-1246,BK-475,100ml x 1,0.11,0.1,1,Boost (Propiconazole 25 % EC) 100ml x 1,Fungicide,Chemical Fungicide,success
K-433,K-433,BK-475,250ml x 1,0.275,0.25,1,Boost (Propiconazole 25 % EC) 250ml x 1,Fungicide,Chemical Fungicide,success
K-6765,K-6765,BK-45,25 kg x 1,27.5,25,1,Samartha - Carbendazim 12 % + Mancozeb 63 % WP 25 kg x 1,Fungicide,Chemical Fungicide,success
K-144,K-142,BK-5830,1 Ltr x 5,5.5,5,5,Bhannat Biostimulant 1 Ltr x 5,Fertilizer,Bio Stimulant,success
K-471,K-470,BK-867,1 ltr x 3,3.3,3,3,Pseudomonas fluorescence 1 ltr x 3,Fungicide,Bio Fungicide,success
K-485,K-483,BK-490,1000ml x 10,11,10,10,HEXA 5 PLUS (HEXACONAZOLE 5% SC) 1000ml x 10,Fungicide,Chemical Fungicide,success
K-6009,K-6009,BK-515,1 ltr x 1,1.1,1,1,Mosquito Larvicidal Oil 1 ltr x 1,Pesticide,Bio Pesticides,success
K-5904,K-5904,BK-46,50kg x 1,55,50,1,COC (Copper Oxychloride 50% WP) 50kg x 1,Fungicide,Chemical Fungicide,success
K-1392,K-1387,BK-145,100gm x 36,3.96,3.6,36,Plantivo - Tebuconazole 50% + Trifloxystrobin 25% WG 100gm x 36,Fungicide,Chemical Fungicide,success
K-5257,K-5254,BK-146,150ML x 6,0.99,0.9,6,thifluzamide 24% SC Peter 150ML x 6,Fungicide,Chemical Fungicide,success
K-95,K-93,BK-998,1 Ltr x 5,5.5,5,5,Zinc Solubiilizing Bacteria 1 Ltr x 5,Fertilizer,Bio Fertilizer,success
K-5952,K-5952,BK-468,100 gm x 1,0.11,0.1,1,BT Bio Larvicide Powder 100 gm x 1,Pesticide,Bio Insecticides,success
K-5286,K-420,BK-468,1Ltr x 2,2.2,2,2,BT Bio Larvicide liquid 1Ltr x 2,Pesticide,Bio Insecticides,success
G-701,G-701,BK-173,1 gm x 1,0.001,0.001,1,Calendula Seeds (1 gm) 1 gm x 1,Seeds,Seeds,success
K-6145,K-6145,BK-03,25kg x 1,27.5,25,1,dismiss (Dimethomorph 50% WP) 25kg x 1,Fungicide,Chemical Fungicide,success
K-1250,K-1250,BK-43,400gm x 1,0.44,0.4,1,PROPI - Propineb 70% WP 400gm x 1,Fungicide,Chemical Fungicide,success
K-6773,K-6773,BK-03,800 gm x 1,0.88,0.8,1,dismiss (Dimethomorph 50% WP) 800 gm x 1,Fungicide,Chemical Fungicide,success
K-5405,K-5405,BK-526,1 kg x 1,1.1,1,1,Bio Npk consortia powder 1 kg x 1,Fertilizer,Bio Fertilizer,success
K-6386,K-6386,BK-144,25 gm x 1,0.0275,0.025,1,Meta-manco 25 gm x 1,Fungicide,Chemical Fungicide,success
K-6900,K-93,BK-998,1 Ltr x 2,2.2,2,2,Zinc Solubiilizing Bacteria 1 Ltr x 2,Fertilizer,Bio Fertilizer,success
K-467,K-466,BK-817,1 ltr x 3,3.3,3,3,Ampelomyces quisqualis 1 ltr x 3,Fungicide,Bio Fungicide,success
K-540,K-540,BK-45,500 gm x 1,0.55,0.5,1,Samartha - Carbendazim 12 % + Mancozeb 63 % WP 500 gm x 1,Fungicide,Chemical Fungicide,success
K-7194,K-7194,BK-546,5 ltr x 1,5.5,5,1,Trichoderma viride 5 ltr x 1,Fungicide,Bio Fungicide,success
K-5814,K-5810,BK-06,470g x 20,10.34,9.4,20,Copper Sulphate 470g x 20,Fungicide,Chemical Fungicide,success
G-656,G-656,BK-220,1.5 gm x 1,0.0015,0.0015,1,Bottlegourd Seeds (Long)_Vegitable Seed 1.5 gm x 1,Seeds,Seeds,success
K-1391,K-1387,BK-145,100 gm x 18,1.98,1.8,18,Plantivo - Tebuconazole 50% + Trifloxystrobin 25% WG 100 gm x 18,Fungicide,Chemical Fungicide,success
K-5783,K-540,BK-45,500gm x 6,3.3,3,6,Samartha - Carbendazim 12 % + Mancozeb 63 % WP 500gm x 6,Fungicide,Chemical Fungicide,success
K-6713,K-6713,BK-860,25ltr x 1,27.5,25,1,Liquid Consortia - Bio NPK 25ltr x 1,Fertilizer,Bio Fertilizer,success
K-6908,K-6908,BK-860,100ml x 1,0.11,0.1,1,Liquid Consortia - Bio NPK 100ml x 1,Fertilizer,Bio Fertilizer,success
K-553,K-553,BK-632,500gm x 1,0.55,0.5,1,Tebusul (Tebuconazole 10 % + sulphur 65 % wg) 500gm x 1,Fungicide,Chemical Fungicide,success
K-5277,K-1153,BK-45,100gm x 50,5.5,5,50,Samartha - Carbendazim 12 % + Mancozeb 63 % WP 100gm x 50,Fungicide,Chemical Fungicide,success
K-6798,K-6219,BK-472,1 Ltr x 8,8.8,8,8,Azozole (Azoxystrobin 18.2 % + difenoconazole 11.4 % SC) 1 Ltr x 8,Fungicide,Chemical Fungicide,success
K-1135,K-547,BK-467,500Gm x 2,1.1,1,2,ELPI (Cymoxanil 8 % + Mancozeb 64 % WP) 500Gm x 2,Fungicide,Chemical Fungicide,success
K-981,K-981,BK-09,900gm x 1,0.99,0.9,1,MYCORRHIZA 900gm x 1,Fertilizer,Bio Fertilizer,success
K-6897,K-252,BK-992,1 Ltr x 2,2.2,2,2,Metarhizium Anisopliae 1 Ltr x 2,Pesticide,Bio Insecticides,success
K-6479,K-1190,BK-45,250 gm x 40,11,10,40,Samartha - Carbendazim 12 % + Mancozeb 63 % WP 250 gm x 40,Fungicide,Chemical Fungicide,success
G-632,G-576,BK-217,5gm x 3,0.015,0.015,3,beetroot _Vegetable seeds 5gm x 3,Seeds,Seeds,success
G-695,G-695,BK-167,1 gm x 1,0.001,0.001,1,Balsam Mix Seeds (1 gm) 1 gm x 1,Seeds,Seeds,success
K-1390,K-1387,BK-145,100 gm x 9,0.99,0.9,9,Plantivo - Tebuconazole 50% + Trifloxystrobin 25% WG 100 gm x 9,Fungicide,Chemical Fungicide,success
K-5370,K-5370,BK-863,1kg x 1,1.1,1,1,VAM (Vesicular Arbuscular Mycorrhiza) 1kg x 1,Fertilizer,Bio Fertilizer,success
K-5798,K-5798,BK-859,100gm x 1,0.11,0.1,1,Metarhizium Anisopliae Bio Insecticide Powder 100gm x 1,Pesticide,Bio Insecticides,success
K-581,K-577,BK-499,250ml x 12,3.3,3,12,DrZole (Azoxystrobin 11.00 % Tebuconazole 18.30 % SC) 250ml x 12,Fungicide,Chemical Fungicide,success
G-653,G-653,BK-202,10.8 gm x 1,0.0108,0.0108,1,Sweet Pea Royal Mix Seeds flowering seeds 10.8 gm x 1,Seeds,Seeds,success
K-6349,K-6349,BK-467,1 kg x 1,1.1,1,1,ELPI (Cymoxanil 8 % + Mancozeb 64 % WP) 1 kg x 1,Fungicide,Chemical Fungicide,success
K-5402,K-5401,BK-493,1Ltr x 3,3.3,3,3,BACSIL SILICA SOLUBIZING BACTERIA 1Ltr x 3,Fertilizer,Bio Fertilizer,success
G-698,G-698,BK-170,1 gm x 1,0.001,0.001,1,Morning Glory seeds/ ipomoea (1 gm) 1 gm x 1,Seeds,Seeds,success
K-498,K-495,BK-60,250ml x 7,1.925,1.75,7,Azoxy (Azoxystrobin 23 % sc) 250ml x 7,Fungicide,Chemical Fungicide,success
K-509,K-508,BK-473,250ml x 3,0.825,0.75,3,Difenoconazole 25% EC - CONCOR 250ml x 3,Fungicide,Chemical Fungicide,success
K-5680,K-5680,BK-543,4kg x 1,4.4,4,1,BHUMIRAJA (MYCORRHIZA) 4kg x 1,Fertilizer,Bio Fertilizer,success
K-101,K-101,BK-903,1 Ltr x 1,1.1,1,1,compost activator 1 Ltr x 1,Fertilizer,Bio Fertilizer,success
K-108,K-105,BK-860,1 Ltr x 10,11,10,10,Liquid Consortia - Bio NPK 1 Ltr x 10,Fertilizer,Bio Fertilizer,success
K-6165,K-6165,BK-144,1kg x 1,1.1,1,1,Meta-manco 1kg x 1,Fungicide,Chemical Fungicide,success
K-5152,K-5151,BK-487,1 kg x 3,3.3,3,3,Trichoderma Harzianum Bio Fungicide Powder  1 kg x 3,Fungicide,Bio Fungicide,success
K-5153,K-5151,BK-487,1 kg x 5,5.5,5,5,Trichoderma Harzianum Bio Fungicide Powder  1 kg x 5,Fungicide,Bio Fungicide,success
G-699,G-699,BK-171,1 gm x 1,0.001,0.001,1,Dianthus Mix Seeds (1 gm) 1 gm x 1,Seeds,Seeds,success
K-450,K-5251,BK-467,250gm x 2,0.55,0.5,2,ELPI (Cymoxanil 8 % + Mancozeb 64 % WP) 250gm x 2,Fungicide,Chemical Fungicide,success
K-5562,K-5560,BK-623,1kg x 5,5.5,5,5,NEMOTODE PLUS (BIO PESTICIDES Verticillium Chlamydosporium 1% WP) 1kg x 5,Pesticide,Bio Insecticides,success
K-6918,K-6918,BK-475,5 Ltr x 1,5.5,5,1,Boost (Propiconazole 25 % EC) 5 Ltr x 1,Fungicide,Chemical Fungicide,success
K-6893,K-5142,BK-486,1 kg x 2,2.2,2,2,Trichoderma Viride Bio Fungicide Powder  1 kg x 2,Fungicide,Bio Fungicide,success
K-420,K-420,BK-468,1 Ltr x 1,1.1,1,1,BT Bio Larvicide liquid 1 Ltr x 1,Pesticide,Bio Insecticides,success
K-1181,K-1181,BK-43,100gm x 1,0.11,0.1,1,PROPI - Propineb 70% WP 100gm x 1,Fungicide,Chemical Fungicide,success
K-6414,K-6414,BK-996,25 ltr x 1,27.5,25,1,Trichoderma harzianum 25 ltr x 1,Fungicide,Bio Fungicide,success
G-687,G-687,BK-159,1 gm x 1,0.001,0.001,1,Dahlia Seeds (1 gm) 1 gm x 1,Seeds,Seeds,success
K-142,K-142,BK-5830,1 Ltr x 1,1.1,1,1,Bhannat Biostimulant 1 Ltr x 1,Fertilizer,Bio Stimulant,success
K-74,K-73,BK-994,1 Ltr x 3,3.3,3,3,Azotobacter spp 1 Ltr x 3,Fertilizer,Bio Fertilizer,success
K-1382,K-1380,BK-528,250ml x 4,1.1,1,4,Namami - Tricyclazole 18.0% + Tebuconazole 14.4% SC 250ml x 4,Fungicide,Chemical Fungicide,success
K-6619,K-5687,BK-499,50ml x 2,0.11,0.1,2,DrZole (Azoxystrobin 11.00 % Tebuconazole 18.30 % SC) 50ml x 2,Fungicide,Chemical Fungicide,success
K-79,K-77,BK-652,1 Ltr x 5,5.5,5,5,Azospirillum spp 1 Ltr x 5,Fertilizer,Bio Fertilizer,success
K-491,K-489,BK-472,250ml x 4,1.1,1,4,Azozole (Azoxystrobin 18.2 % + difenoconazole 11.4 % SC) 250ml x 4,Fungicide,Chemical Fungicide,success
K-5476,K-5476,BK-44,500 gm x 1,0.55,0.5,1,kzeb (Mancozeb 75% WP) 500 gm x 1,Fungicide,Chemical Fungicide,success
K-6700,K-6700,BK-03,1 Kg x 1,1.1,1,1,dismiss (Dimethomorph 50% WP) 1 Kg x 1,Fungicide,Chemical Fungicide,success
K-85,K-85,BK-790,1 Ltr x 1,1.1,1,1,Phosphate Solubilizing Bacteria 1 Ltr x 1,Fertilizer,Bio Fertilizer,success
K-78,K-77,BK-652,1 Ltr x 3,3.3,3,3,Azospirillum spp 1 Ltr x 3,Fertilizer,Bio Fertilizer,success
K-5567,K-5567,BK-542,100gm x 1,0.11,0.1,1,K-RAJA (MYCORRIZA) 100gm x 1,Fertilizer,Bio Fertilizer,success
K-516,K-515,BK-143,400ml x 2,0.88,0.8,2,Professor (Ametocitradin 27 + Dimethomorph 20.27 SC) 400ml x 2,Fungicide,Chemical Fungicide,success
K-6385,K-6385,BK-467,50 gm x 1,0.055,0.05,1,Tebusul (Tebuconazole 10 % + sulphur 65 % wg) 50 gm x 1,Fungicide,Chemical Fungicide,success
K-5552,K-5552,BK-469,1KG x 1,1.1,1,1,NEMA PRIME (Pochonia chlamydposporia 1% W.P) 1KG x 1,Pesticide,Bio Insecticides,success
K-92,K-89,BK-918,1 Ltr x 10,11,10,10,Potash Mobilizing Bacteria 1 Ltr x 10,Fertilizer,Bio Fertilizer,success
K-256,K-256,BK-862,1 Ltr x 1,1.1,1,1,Triple Attack - VBM 1 Ltr x 1,Pesticide,Bio Insecticides,success
K-532,K-527,BK-43,800gm x 50,44,40,50,PROPI - Propineb 70% WP 800gm x 50,Fungicide,Chemical Fungicide,success
K-83,K-81,BK-911,1 Ltr x 5,5.5,5,5,Acetobacter spp 1 Ltr x 5,Fertilizer,Bio Fertilizer,success
K-6921,K-6921,BK-482,100 ml x 1,0.11,0.1,1,Prodizol (Propiconazole 13.9 % + Difenoconazole 13.9 %) 100 ml x 1,Fungicide,Chemical Fungicide,success
K-5687,K-5687,BK-499,50ml x 1,0.055,0.05,1,DrZole (Azoxystrobin 11.00 % Tebuconazole 18.30 % SC) 50ml x 1,Fungicide,Chemical Fungicide,success
K-565,K-561,BK-44,800gm x 25,22,20,25,kzeb (Mancozeb 75% WP) 800gm x 25,Fungicide,Chemical Fungicide,success
K-106,K-105,BK-860,1 Ltr x 3,3.3,3,3,Liquid Consortia - Bio NPK 1 Ltr x 3,Fertilizer,Bio Fertilizer,success
K-5678,K-5676,BK-480,1Ltr x 5,5.5,5,5,Calcium Solubilizing bacteria 1Ltr x 5,Fertilizer,Bio Fertilizer,success
K-5178,K-5178,BK-467,400 gm X 1,0.44,0.4,1,ELPI (Cymoxanil 8 % + Mancozeb 64 % WP) 400 gm X 1,Fungicide,Chemical Fungicide,success
K-550,K-547,BK-467,500 gm x 10,5.5,5,10,ELPI (Cymoxanil 8 % + Mancozeb 64 % WP) 500 gm x 10,Fungicide,Chemical Fungicide,success
K-105,K-105,BK-860,1 Ltr x 1,1.1,1,1,Liquid Consortia - Bio NPK 1 Ltr x 1,Fertilizer,Bio Fertilizer,success
K-466,K-466,BK-817,1 ltr x 1,1.1,1,1,Ampelomyces quisqualis 1 ltr x 1,Fungicide,Bio Fungicide,success
K-6595,K-6595,BK-5830,500ml x 1,0.55,0.5,1,Bhannat Biostimulant 500ml x 1,Fertilizer,Bio Stimulant,success
K-1207,K-508,BK-473,250ml x 2,0.55,0.5,2,Difenoconazole 25% EC - CONCOR 250ml x 2,Fungicide,Chemical Fungicide,success
K-543,K-541,BK-45,800gm x 5,4.4,4,5,Samartha - Carbendazim 12 % + Mancozeb 63 % WP 800gm x 5,Fungicide,Chemical Fungicide,success
K-10514,K-501,BK-482,250ml x 2,0.55,0.5,2,Prodizol (Propiconazole 13.9 % + Difenoconazole 13.9 %) 250ml x 2,Fungicide,Chemical Fungicide,success
K-525,K-525,BK-852,10 Ltr x 1,11,10,1,Defender CS 10 Ltr x 1,Fungicide,Chemical Fungicide,success
K-6219,K-6219,BK-472,1 ltr x 1,1.1,1,1,Azozole (Azoxystrobin 18.2 % + difenoconazole 11.4 % SC) 1 ltr x 1,Fungicide,Chemical Fungicide,success
K-5752,K-5752,BK-44,250 gm x 1,0.275,0.25,1,kzeb (Mancozeb 75% WP) 250 gm x 1,Fungicide,Chemical Fungicide,success
K-510,K-508,BK-473,250ml x 4,1.1,1,4,Difenoconazole 25% EC - CONCOR 250ml x 4,Fungicide,Chemical Fungicide,success
K-5327,K-5327,BK-874,1kg x 1,1.1,1,1,SULVET - sulphur 80% wdg 1kg x 1,Fungicide,Chemical Fungicide,success
K-6405,K-6405,BK-46,10 KG X 1,11,10,1,COC (Copper Oxychloride 50% WP) 10 KG X 1,Fungicide,Chemical Fungicide,success
K-421,K-420,BK-468,1 Ltr x 3,3.3,3,3,BT Bio Larvicide liquid 1 Ltr x 3,Pesticide,Bio Insecticides,success
G-666,G-666,BK-325,1 gm x 1,0.001,0.001,1,Gliricidia Sepium Seeds  Vegetable seeds 1 gm x 1,Seeds,Seeds,success
K-6748,K-6748,BK-651,25 Ltr x 1,27.5,25,1,NEMA PRIME (Pochonia chlamydposporia 1% ) LIQUID 25 Ltr x 1,Pesticide,Bio Insecticides,success
K-5889,K-1181,BK-43,100gm x 3,0.33,0.3,3,PROPI - Propineb 70% WP 100gm x 3,Fungicide,Chemical Fungicide,success
K-488,K-6170,BK-874,5 Kg x 20,110,100,20,SULVET - sulphur 80% wdg 5 Kg x 20,Fungicide,Chemical Fungicide,success
K-5154,K-5151,BK-487,1 kg x 10,11,10,10,Trichoderma Harzianum Bio Fungicide Powder  1 kg x 10,Fungicide,Bio Fungicide,success
K-5161,K-5159,BK-468,1 kg x 5,5.5,5,5,BT Bio Larvicide Powder 1 kg x 5,Pesticide,Bio Insecticides,success
K-6806,K-6805,BK-475,100ml x 2,0.22,0.2,2,Boost (Propiconazole 25 % EC) 100ml x 2,Fungicide,Chemical Fungicide,success
K-1339,K-1338,BK-527,250gm x 2,0.55,0.5,2,Chlorothalonil 75% wp 250gm x 2,Fungicide,Chemical Fungicide,success
K-1338,K-1338,BK-527,250gm x 1,0.275,0.25,1,Chlorothalonil 75% wp 250gm x 1,Fungicide,Chemical Fungicide,success
G-702,G-702,BK-559,1 gm x 1,0.001,0.001,1,Aster Mix Seeds (1 gm) 1 gm x 1,Seeds,Seeds,success
K-6990,K-6990,BK-863,5 Ltr x 1,5.5,5,1,VAM (Vesicular Arbuscular Mycorrhiza) 5 Ltr x 1,Fertilizer,Bio Fertilizer,success
K-6421,K-6421,BK-546,25 ltr x 1,27.5,25,1,Trichoderma viride 25 ltr x 1,Fungicide,Bio Fungicide,success
K-567,K-567,BK-46,250gm x 1,0.275,0.25,1,COC (Copper Oxychloride 50% WP) 250gm x 1,Fungicide,Chemical Fungicide,success
K-5626,K-5626,BK-540,1KG x 1,1.1,1,1,TRIPLE ATTACK WP - VBM 1KG x 1,Pesticide,Bio Insecticides,success
K-506,K-501,BK-482,250ml x 20,5.5,5,20,Prodizol (Propiconazole 13.9 % + Difenoconazole 13.9 %) 250ml x 20,Fungicide,Chemical Fungicide,success
K-6746,K-6746,BK-869,25 Ltr x 1,27.5,25,1,Beauveria Bassiana 25 Ltr x 1,Pesticide,Bio Insecticides,success
K-5158,K-5155,BK-650,1 kg x 10,11,10,10,Beauveria Bassiana Bio Insecticide Powder 1 kg x 10,Pesticide,Bio Insecticides,success
K-6160,K-6159,BK-995,1Ltr x 3,3.3,3,3,Chatur - Mancozeb 40% + Azoxystrobin 7% 1Ltr x 3,Fungicide,Chemical Fungicide,success
K-6038,K-6038,BK-867,5ltr x 1,5.5,5,1,Pseudomonas fluorescence 5ltr x 1,Fungicide,Bio Fungicide,success
K-6568,K-5626,BK-540,1KG x 2,2.2,2,2,TRIPLE ATTACK WP - VBM 1KG x 2,Pesticide,Bio Insecticides,success
K-73,K-73,BK-994,1 Ltr x 1,1.1,1,1,Azotobacter spp 1 Ltr x 1,Fertilizer,Bio Fertilizer,success
K-6407,K-141,BK-5830,250ml x 2,0.55,0.5,2,Bhannat Biostimulant 250ml x 2,Fertilizer,Bio Stimulant,success
K-5083,K-560,BK-44,400gm x 39,16.5,15,39,kzeb (Mancozeb 75% WP) 400gm x 39,Fungicide,Chemical Fungicide,success
K-5895,K-5895,BK-652,25Ltr x 1,27.5,25,1,Azospirillum spp 25Ltr x 1,Fertilizer,Bio Fertilizer,success
K-5401,K-5401,BK-493,1Ltr x 1,1.1,1,1,BACSIL SILICA SOLUBIZING BACTERIA 1Ltr x 1,Fertilizer,Bio Fertilizer,success
K-96,K-93,BK-998,1 Ltr x 10,11,10,10,Zinc Solubiilizing Bacteria 1 Ltr x 10,Fertilizer,Bio Fertilizer,success
G-759,G-759,BK-614,453 Gm x 1,0.453,0.453,1,Polyvinaile pyrrolidine 453 Gm x 1,other Products,Other Product,success
K-5144,K-5142,BK-486,1 kg x 5,5.5,5,5,Trichoderma Viride Bio Fungicide Powder  1 kg x 5,Fungicide,Bio Fungicide,success
K-500,K-495,BK-60,250ml x 20,5.5,5,20,Azoxy (Azoxystrobin 23 % sc) 250ml x 20,Fungicide,Chemical Fungicide,success
K-1342,K-1338,BK-527,250gm x 12,3.3,3,12,Chlorothalonil 75% wp 250gm x 12,Fungicide,Chemical Fungicide,success
K-501,K-501,BK-482,250ml x 1,0.275,0.25,1,Prodizol (Propiconazole 13.9 % + Difenoconazole 13.9 %) 250ml x 1,Fungicide,Chemical Fungicide,success
K-6273,K-6273,BK-144,100 gm x 1,0.11,0.1,1,Meta-manco 100 gm x 1,Fungicide,Chemical Fungicide,success
G-758,G-758,BK-611,2.5kg x 1,2.2,2,1,Glucose 2.5kg x 1,other Products,Other Product,success
K-6799,K-6219,BK-472,1 Ltr  x 10,11,10,10,Azozole (Azoxystrobin 18.2 % + difenoconazole 11.4 % SC) 1 Ltr  x 10,Fungicide,Chemical Fungicide,success
K-551,K-547,BK-467,500 gm x 20,11,10,20,ELPI (Cymoxanil 8 % + Mancozeb 64 % WP) 500 gm x 20,Fungicide,Chemical Fungicide,success
K-5629,K-5626,BK-540,1KG x 10,11,10,10,TRIPLE ATTACK WP - VBM 1KG x 10,Pesticide,Bio Insecticides,success
K-6747,K-6747,BK-468,25 Ltr x 1,27.5,25,1,BT Bio Larvicide liquid 25 Ltr x 1,Pesticide,Bio Insecticides,success
K-5163,K-5163,BK-859,1 kg x 1,1.1,1,1,Metarhizium Anisopliae Bio Insecticide Powder 1 kg x 1,Pesticide,Bio Insecticides,success
K-82,K-81,BK-911,1 Ltr x 3,3.3,3,3,Acetobacter spp 1 Ltr x 3,Fertilizer,Bio Fertilizer,success
K-470,K-470,BK-867,1 ltr x 1,1.1,1,1,Pseudomonas fluorescence 1 ltr x 1,Fungicide,Bio Fungicide,success
K-6216,K-6216,BK-482,1ltr x 1,1.1,1,1,Prodizol (Propiconazole 13.9 % + Difenoconazole 13.9 %) 1ltr x 1,Fungicide,Chemical Fungicide,success
K-5679,K-5676,BK-480,1Ltr x 10,11,10,10,Calcium Solubilizing bacteria 1Ltr x 10,Fertilizer,Bio Fertilizer,success
K-5147,K-5146,BK-553,1 kg x 3,3.3,3,3,Paecilomyces Lilacinus Bio Powder 1 kg x 3,Fungicide,Bio Fungicide,success
G-751,G-751,BK-601,250gm x 1,0.25,0.25,1,Mulethi powder (Black) 250gm x 1,other Products,Other Product,success
K-112,K-109,BK-863,1 Ltr x 10,11,10,10,VAM (Vesicular Arbuscular Mycorrhiza) 1 Ltr x 10,Fertilizer,Bio Fertilizer,success
K-253,K-252,BK-992,1 Ltr x 3,3.3,3,3,Metarhizium anisopliae 1 Ltr x 3,Pesticide,Bio Insecticides,success
K-5012,K-5012,BK-5830,5 ltr x 1,5.5,5,1,Bhannat Biostimulant 5 ltr x 1,Fertilizer,Bio Stimulant,success
K-6909,K-6909,BK-526,100 gm x 1,0.11,0.1,1,Bio Npk consortia powder 100 gm x 1,Fertilizer,Bio Fertilizer,success
K-104,K-101,BK-903,1 Ltr x 10,11,10,10,compost activator 1 Ltr x 10,Fertilizer,Bio Fertilizer,success
K-5813,K-5810,BK-06,470g x 10,5.17,4.7,10,Copper Sulphate 470g x 10,Fungicide,Chemical Fungicide,success
K-6499,K-6499,BK-467,100 gm x 1,0.11,0.1,1,ELPI (Cymoxanil 8 % + Mancozeb 64 % WP) 100 gm x 1,Fungicide,Chemical Fungicide,success
G-690,G-690,BK-175,1 gm x 1,0.001,0.001,1,Mesembryanthemum Mix Seeds (1 gm) 1 gm x 1,Seeds,Seeds,success
G-696,G-696,BK-168,1 gm x 1,0.001,0.001,1,Salvia Blue Seeds (1 gm) 1 gm x 1,Seeds,Seeds,success
K-141,K-141,BK-5830,250ml x 1,0.275,0.25,1,Bhannat Biostimulant 250ml x 1,Fertilizer,Bio Stimulant,success
K-6575,K-6575,BK-143,25 ltr x 1,27.5,25,1,Professor (Ametocitradin 27 + Dimethomorph 20.27 SC) 25 ltr x 1,Fungicide,Chemical Fungicide,success
K-544,K-541,BK-45,800gm x 10,8.8,8,10,Samartha - Carbendazim 12 % + Mancozeb 63 % WP 800gm x 10,Fungicide,Chemical Fungicide,success
K-5162,K-5159,BK-468,1 kg x 10,11,10,10,BT Bio Larvicide Powder 1 kg x 10,Pesticide,Bio Insecticides,success
K-6620,K-5687,BK-499,50ml x 5,0.275,0.25,5,DrZole (Azoxystrobin 11.00 % Tebuconazole 18.30 % SC) 50ml x 5,Fungicide,Chemical Fungicide,success
K-5089,K-1250,BK-43,400gm x 75,33,30,75,PROPI - Propineb 70% WP 400gm x 75,Fungicide,Chemical Fungicide,success
K-460,K-458,BK-546,1 ltr x 5,5.5,5,5,Trichoderma viride 1 ltr x 5,Fungicide,Bio Fungicide,success
K-531,K-527,BK-43,800gm x 25,22,20,25,PROPI - Propineb 70% WP 800gm x 25,Fungicide,Chemical Fungicide,success
K-1210,K-1139,BK-143,250ml x 40,11,10,40,Professor (Ametocitradin 27 + Dimethomorph 20.27 SC) 250ml x 40,Fungicide,Chemical Fungicide,success
K-469,K-466,BK-817,1 ltr x 10,11,10,10,Ampelomyces quisqualis 1 ltr x 10,Fungicide,Bio Fungicide,success
K-5171,K-5171,BK-144,250gm X 1,0.275,0.25,1,Meta-manco 250gm X 1,Fungicide,Chemical Fungicide,success
K-434,K-433,BK-475,250ml x 3,0.825,0.75,3,Boost (Propiconazole 25 % EC) 250ml x 3,Fungicide,Chemical Fungicide,success
K-6371,K-6371,BK-994,25 ltr x 1,27.5,25,1,Azotobacter spp 25 ltr x 1,Fertilizer,Bio Fertilizer,success
K-5142,K-5142,BK-486,1 kg x 1,1.1,1,1,Trichoderma Viride Bio Fungicide Powder  1 kg x 1,Fungicide,Bio Fungicide,success
K-99,K-97,BK-902,1 Ltr x 5,5.5,5,5,Sulphur & Iron Bacteria 1 Ltr x 5,Fertilizer,Bio Fertilizer,success
K-522,K-522,BK-03,200 gm x 1,0.22,0.2,1,dismiss (Dimethomorph 50% WP) 200 gm x 1,Fungicide,Chemical Fungicide,success
K-505,K-501,BK-482,250ml x 12,3.3,3,12,Prodizol (Propiconazole 13.9 % + Difenoconazole 13.9 %) 250ml x 12,Fungicide,Chemical Fungicide,success
K-258,K-256,BK-862,1 Ltr x 5,5.5,5,5,Triple Attack - VBM 1 Ltr x 5,Pesticide,Bio Insecticides,success
K-1215,K-533,BK-47,250gm x 7,1.925,1.75,7,KTM (THIOPHANATE METHYL 70% WP) 250gm x 7,Fungicide,Chemical Fungicide,success
K-6579,K-6579,BK-546,100 ml x 1,0.11,0.1,1,Trichoderma viride 100 ml x 1,Fungicide,Bio Fungicide,success
K-77,K-77,BK-652,1 Ltr x 1,1.1,1,1,Azospirillum spp 1 Ltr x 1,Fertilizer,Bio Fertilizer,success
K-6944,K-6944,BK-480,25 Ltr x 1,27.5,25,1,calcium Solubilizing Bacteria 25 Ltr x 1,Fertilizer,Bio Fertilizer,success
K-6622,K-5690,BK-499,100ml x 5,0.55,0.5,5,DrZole (Azoxystrobin 11.00 % Tebuconazole 18.30 % SC) 100ml x 5,Fungicide,Chemical Fungicide,success
K-1188,K-1188,BK-03,600 gm x 1,0.66,0.6,1,dismiss (Dimethomorph 50% WP) 600 gm x 1,Fungicide,Chemical Fungicide,success
K-102,K-101,BK-903,1 Ltr x 3,3.3,3,3,compost activator 1 Ltr x 3,Fertilizer,Bio Fertilizer,success
K-81,K-81,BK-911,1 Ltr x 1,1.1,1,1,Acetobacter spp 1 Ltr x 1,Fertilizer,Bio Fertilizer,success
K-5120,K-5120,BK-548,1 kg x 1,1.1,1,1,Pseudomonas Fluorescens 1 kg x 1,Fungicide,Bio Fungicide,success
K-5849,K-5849,BK-03,500gm x 1,0.55,0.5,1,dismiss (Dimethomorph 50% WP) 500gm x 1,Fungicide,Chemical Fungicide,success
K-7038,K-5824,BK-995,250ml x 7,1.925,1.75,7,Chatur - Mancozeb 40% + Azoxystrobin 7% 250ml x 7,Fungicide,Chemical Fungicide,success
K-5168,K-5167,BK-901,1 kg x 3,3.3,3,3,Verticillium Lecanii Bio Insecticide Powder 1 kg x 3,Pesticide,Bio Insecticides,success
K-5151,K-5151,BK-487,1 kg x 1,1.1,1,1,Trichoderma Harzianum Bio Fungicide Powder  1 kg x 1,Fungicide,Bio Fungicide,success
K-6907,K-6907,BK-852,5 Ltr x 1,5.5,5,1,Defender CS 5 Ltr x 1,Fungicide,Chemical Fungicide,success
K-6915,K-1304,BK-852,1 Ltr x 5,5.5,5,5,Defender CS 1 Ltr x 5,Fungicide,Chemical Fungicide,success
K-5073,K-6720,BK-60,500ml x 10,11,10,10,Azoxy (Azoxystrobin 23 % sc) 500ml x 10,Fungicide,Chemical Fungicide,success
K-5284,K-5325,BK-09,1kg x 5,5.5,5,5,MYCORRHIZA 1kg x 5,Fertilizer,Bio Fertilizer,success
K-109,K-109,BK-863,1 Ltr x 1,1.1,1,1,VAM (Vesicular Arbuscular Mycorrhiza) 1 Ltr x 1,Fertilizer,Bio Fertilizer,success
K-110,K-109,BK-863,1 Ltr x 3,3.3,3,3,VAM (Vesicular Arbuscular Mycorrhiza) 1 Ltr x 3,Fertilizer,Bio Fertilizer,success
K-437,K-433,BK-475,250ml x 12,3.3,3,12,Boost (Propiconazole 25 % EC) 250ml x 12,Fungicide,Chemical Fungicide,success
K-492,K-489,BK-472,250ml x 7,1.925,1.75,7,Azozole (Azoxystrobin 18.2 % + difenoconazole 11.4 % SC) 250ml x 7,Fungicide,Chemical Fungicide,success
K-507,K-501,BK-482,250ml x 40,11,10,40,Prodizol (Propiconazole 13.9 % + Difenoconazole 13.9 %) 250ml x 40,Fungicide,Chemical Fungicide,success
K-6567,K-256,BK-862,1 ltr x 2,2.2,2,2,Triple Attack - VBM 1 ltr x 2,Pesticide,Bio Insecticides,success
K-6087,K-6087,BK-44,1kg x 1,1.1,1,1,kzeb (Mancozeb 75% WP) 1kg x 1,Fungicide,Chemical Fungicide,success
K-6710,K-6710,BK-651,250 ml x 1,0.275,0.25,1,NEMA PRIME (Pochonia chlamydposporia 1% ) LIQUID 250 ml x 1,Pesticide,Bio Insecticides,success
K-244,K-244,BK-869,1 Ltr x 1,1.1,1,1,Beauveria Bassiana 1 Ltr x 1,Pesticide,Bio Insecticides,success
K-7004,K-7004,BK-540,100gm x 1,0.11,0.1,1,TRIPLE ATTACK WP - VBM 100gm x 1,Pesticide,Bio Insecticides,success
G-707,G-424,BK-431,473 ml x 2,0.946,0.946,2,Acetone 473 ml x 2,other Products,Other Product,success
K-538,K-533,BK-47,250gm x 20,5.5,5,20,KTM (THIOPHANATE METHYL 70% WP) 250gm x 20,Fungicide,Chemical Fungicide,success
K-486,K-483,BK-490,1 ltr x 50,55,50,50,HEXA 5 PLUS (HEXACONAZOLE 5% SC) 1 ltr x 50,Fungicide,Chemical Fungicide,success
K-6711,K-6711,BK-790,25ltr x 1,27.5,25,1,Phosphate Solubilizing Bacteria 25ltr x 1,Fertilizer,Bio Fertilizer,success
K-7033,K-7033,BK-490,200 ltr x 1,220,200,1,HEXA 5 PLUS (HEXACONAZOLE 5% SC) 200 ltr x 1,Fungicide,Chemical Fungicide,success
K-1224,K-527,BK-43,800gm x 50,55,50,50,PROPI - Propineb 70% WP 800gm x 50,Fungicide,Chemical Fungicide,success
K-5681,K-5680,BK-543,4kg x 2,8.8,8,2,BHUMIRAJA (MYCORRHIZA) 4kg x 2,Fertilizer,Bio Fertilizer,success
K-6791,K-6791,BK-491,25 Ltr x 1,27.5,25,1,Bacillus supp 2% AS 25 Ltr x 1,Fungicide,Bio Fungicide,success
K-5085,K-508,BK-473,250ml x 60,16.5,15,60,Difenoconazole 25% EC - CONCOR 250ml x 60,Fungicide,Chemical Fungicide,success
K-480,K-478,BK-491,1 ltr x 5,5.5,5,5,Bacillus supp 2% AS 1 ltr x 5,Fungicide,Bio Fungicide,success
K-1389,K-1387,BK-145,100gm x 4,0.44,0.4,4,Plantivo - Tebuconazole 50% + Trifloxystrobin 25% WG 100gm x 4,Fungicide,Chemical Fungicide,success
K-242,K-240,BK-622,1 Ltr x 5,5.5,5,5,Sporothrix Fungorum 1 Ltr x 5,Pesticide,Bio Insecticides,success
G-703,G-703,BK-192,1 gm x 1,0.001,0.001,1,Salvia Red Seeds_Flowering Seed 1 gm x 1,Seeds,Seeds,success
K-6409,K-141,BK-5830,250ml x 10,2.75,2.5,10,Bhannat Biostimulant 250ml x 10,Fertilizer,Bio Stimulant,success
K-1341,K-1338,BK-527,250gm x 6,1.65,1.5,6,Chlorothalonil 75% wp 250gm x 6,Fungicide,Chemical Fungicide,success
K-6808,K-6805,BK-475,100ml x 5,0.55,0.5,5,Boost (Propiconazole 25 % EC) 100ml x 5,Fungicide,Chemical Fungicide,success
K-88,K-85,BK-790,1 Ltr x 10,11,10,10,Phosphate Solubilizing Bacteria 1 Ltr x 10,Fertilizer,Bio Fertilizer,success
K-556,K-554,BK-632,1 Kg x 3,3.3,3,3,Tebusul (Tebuconazole 10 % + sulphur 65 % wg) 1 Kg x 3,Fungicide,Chemical Fungicide,success
G-749,G-749,BK-930,29 gm x 1,0.029,0.029,1,Glyserol Mono Starate 29 gm x 1,other Products,Other Product,success
K-5149,K-5146,BK-553,1 kg x 10,11,10,10,Paecilomyces Lilacinus Bio Powder 1 kg x 10,Fungicide,Bio Fungicide,success
K-6991,K-6991,BK-790,5 Ltr x 1,5.5,5,1,Phosphate Solubilizing Bacteria 5 Ltr x 1,Fertilizer,Bio Fertilizer,success
K-6408,K-141,BK-5830,250ml x 5,1.375,1.25,5,Bhannat Biostimulant 250ml x 5,Fertilizer,Bio Stimulant,success
K-472,K-470,BK-867,1 ltr x 5,5.5,5,5,Pseudomonas fluorescence 1 ltr x 5,Fungicide,Bio Fungicide,success
K-5827,K-5827,BK-918,50 ltr x 1,55,50,1,Potash Mobilizing Bacteria 50 ltr x 1,Fertilizer,Bio Fertilizer,success
K-542,K-541,BK-45,800gm x 2,1.76,1.6,2,Samartha - Carbendazim 12 % + Mancozeb 63 % WP 800gm x 2,Fungicide,Chemical Fungicide,success
K-103,K-101,BK-903,1 Ltr x 5,5.5,5,5,compost activator 1 Ltr x 5,Fertilizer,Bio Fertilizer,success
K-1387,K-1387,BK-145,100gm x 1,0.11,0.1,1,Plantivo - Tebuconazole 50% + Trifloxystrobin 25% WG 100gm x 1,Fungicide,Chemical Fungicide,success
K-5157,K-5155,BK-650,1 kg x 5,5.5,5,5,Beauveria Bassiana Bio Insecticide Powder 1 kg x 5,Pesticide,Bio Insecticides,success
K-5677,K-5676,BK-480,1Ltr x 3,3.3,3,3,Calcium Solubilizing bacteria 1Ltr x 3,Fertilizer,Bio Fertilizer,success
K-564,K-561,BK-44,800gm x 10,8.8,8,10,kzeb (Mancozeb 75% WP) 800gm x 10,Fungicide,Chemical Fungicide,success
G-693,G-693,BK-165,1 gm x 1,0.001,0.001,1,vinaca seeds (1 gm) 1 gm x 1,Seeds,Seeds,success
K-6367,K-6367,BK-490,250 ml x 1,0.275,0.25,1,HEXA 5 PLUS (HEXACONAZOLE 5% SC) 250 ml x 1,Fungicide,Chemical Fungicide,success
K-5799,K-5799,BK-901,100gm x 1,0.11,0.1,1,Verticillium Lecanii Bio Insecticide Powder 100gm x 1,Pesticide,Bio Insecticides,success
K-5166,K-5163,BK-859,1 kg x 10,11,10,10,Metarhizium Anisopliae Bio Insecticide Powder 1 kg x 10,Pesticide,Bio Insecticides,success
K-436,K-433,BK-475,250ml x 6,1.65,1.5,6,Boost (Propiconazole 25 % EC) 250ml x 6,Fungicide,Chemical Fungicide,success
K-536,K-533,BK-47,250gm x 6,1.65,1.5,6,KTM (THIOPHANATE METHYL 70% WP) 250gm x 6,Fungicide,Chemical Fungicide,success
K-5167,K-5167,BK-901,1 kg x 1,1.1,1,1,Verticillium Lecanii Bio Insecticide Powder 1 kg x 1,Pesticide,Bio Insecticides,success
K-5019,K-5019,BK-467,1000gm x 1,1.1,1,1,ELPI (Cymoxanil 8 % + Mancozeb 64 % WP) 1000gm x 1,Fungicide,Chemical Fungicide,success
K-5627,K-5626,BK-540,1KG x 3,3.3,3,3,TRIPLE ATTACK WP - VBM 1KG x 3,Pesticide,Bio Insecticides,success
K-6148,K-6148,BK-499,5 ltr x 1,5.5,5,1,DrZole (Azoxystrobin 11.00 % Tebuconazole 18.30 % SC) 5 ltr x 1,Fungicide,Chemical Fungicide,success
K-252,K-252,BK-992,1 Ltr x 1,1.1,1,1,Metarhizium anisopliae 1 Ltr x 1,Pesticide,Bio Insecticides,success
K-6171,K-6170,BK-874,5 Kg x 10,55,50,10,SULVET - sulphur 80% wdg 5 Kg x 10,Fungicide,Chemical Fungicide,success
K-7006,K-7006,BK-60,15 ml x 1,0.0165,0.015,1,Azoxy (Azoxystrobin 23 % sc) 15 ml x 1,Fungicide,Chemical Fungicide,success
K-547,K-547,BK-467,500gm x 1,0.55,0.5,1,ELPI (Cymoxanil 8 % + Mancozeb 64 % WP) 500gm x 1,Fungicide,Chemical Fungicide,success
K-6707,K-6707,BK-143,1ltr x 1,1.1,1,1,Professor (Ametocitradin 27 + Dimethomorph 20.27 SC) 1ltr x 1,Fungicide,Chemical Fungicide,success
K-6751,K-6751,BK-870,25 Ltr x 1,27.5,25,1,Paecilomyces Lilacinus 25 Ltr x 1,Fungicide,Bio Fungicide,success
K-5821,K-5821,BK-472,100ml x 1,0.11,0.1,1,Azozole (Azoxystrobin 18.2 % + difenoconazole 11.4 % SC) 100ml x 1,Fungicide,Chemical Fungicide,success
K-5829,K-5829,BK-863,100ml x 1,0.11,0.1,1,VAM (Vesicular Arbuscular Mycorrhiza) 100ml x 1,Fertilizer,Bio Fertilizer,success
K-562,K-561,BK-44,800gm x 2,1.76,1.6,2,kzeb (Mancozeb 75% WP) 800gm x 2,Fungicide,Chemical Fungicide,success
K-1272,K-1272,BK-06,460 gm x 1,0.506,0.46,1,Copper Sulphate 460 gm x 1,Fungicide,Chemical Fungicide,success
K-5812,K-5810,BK-06,470g x 4,2.068,1.88,4,Copper Sulphate 470g x 4,Fungicide,Chemical Fungicide,success
K-462,K-462,BK-996,1 ltr x 1,1.1,1,1,Trichoderma harzianum 1 ltr x 1,Fungicide,Bio Fungicide,success
G-668,G-668,BK-257,20 gm x 1,0.02,0.02,1,Green Amaranthus Seeds (Green Math) Vegetable seeds 20 gm x 1,Seeds,Seeds,success
K-7005,K-7005,BK-44,50 kg x 1,55,50,1,kzeb (Mancozeb 75% WP) 50 kg x 1,Fungicide,Chemical Fungicide,success
K-5669,K-5567,BK-542,100gm x 10,1.1,1,10,K-RAJA (MYCORRIZA) 100gm x 10,Fertilizer,Bio Fertilizer,success
K-1304,K-1304,BK-852,1 ltr x 1,1.1,1,1,Defender CS 1 ltr x 1,Fungicide,Chemical Fungicide,success
K-6847,K-6847,BK-651,5Ltr x 1,5.5,5,1,NEMA PRIME (Pochonia chlamydposporia 1% ) LIQUID 5Ltr x 1,Pesticide,Bio Insecticides,success
K-250,K-248,BK-997,1 Ltr x 5,5.5,5,5,Verticillium lecanii 1 Ltr x 5,Pesticide,Bio Insecticides,success
K-5560,K-5560,BK-623,1KG x 1,1.1,1,1,NEMOTODE PLUS (BIO PESTICIDES Verticillium Chlamydosporium 1% WP) 1KG x 1,Pesticide,Bio Insecticides,success
K-107,K-105,BK-860,1 Ltr x 5,5.5,5,5,Liquid Consortia - Bio NPK 1 Ltr x 5,Fertilizer,Bio Fertilizer,success
K-97,K-97,BK-902,1 Ltr x 1,1.1,1,1,Sulphur & Iron Bacteria 1 Ltr x 1,Fertilizer,Bio Fertilizer,success
K-560,K-560,BK-44,400gm x 1,0.44,0.4,1,kzeb (Mancozeb 75% WP) 400gm x 1,Fungicide,Chemical Fungicide,success
K-6797,K-6219,BK-472,1 Ltr x 5,5.5,5,5,Azozole (Azoxystrobin 18.2 % + difenoconazole 11.4 % SC) 1 Ltr x 5,Fungicide,Chemical Fungicide,success
K-5037,K-5037,BK-43,250 gm x 1,0.275,0.25,1,PROPI - Propineb 70% WP 250 gm x 1,Fungicide,Chemical Fungicide,success
K-98,K-97,BK-902,1 Ltr x 3,3.3,3,3,Sulphur & Iron Bacteria 1 Ltr x 3,Fertilizer,Bio Fertilizer,success
K-5802,K-5802,BK-499,25 Ltr X 1,27.5,25,1,DrZole (Azoxystrobin 11.00 % Tebuconazole 18.30 % SC) 25 Ltr X 1,Fungicide,Chemical Fungicide,success
K-523,K-522,BK-03,200gm x 5,1.1,1,5,dismiss (Dimethomorph 50% WP) 200gm x 5,Fungicide,Chemical Fungicide,success
K-508,K-508,BK-473,250ml x 1,0.275,0.25,1,Difenoconazole 25% EC - CONCOR 250ml x 1,Fungicide,Chemical Fungicide,success
K-6768,K-6768,BK-43,25 kg x 1,27.5,25,1,PROPI - Propineb 70% WP 25 kg x 1,Fungicide,Chemical Fungicide,success
K-483,K-483,BK-490,1000ml x 1,1.1,1,1,HEXA 5 PLUS (HEXACONAZOLE 5% SC) 1000ml x 1,Fungicide,Chemical Fungicide,success
K-563,K-561,BK-44,800gm x 5,4.4,4,5,kzeb (Mancozeb 75% WP) 800gm x 5,Fungicide,Chemical Fungicide,success
K-6226,K-6226,BK-46,25 KG X 1,27.5,25,1,COC (Copper Oxychloride 50% WP) 25 KG X 1,Fungicide,Chemical Fungicide,success
K-6712,K-6712,BK-918,25ltr x 1,27.5,25,1,Potash Mobilizing Bacteria 25ltr x 1,Fertilizer,Bio Fertilizer,success
K-5628,K-5626,BK-540,1KG x 5,5.5,5,5,TRIPLE ATTACK WP - VBM 1KG x 5,Pesticide,Bio Insecticides,success
K-5119,K-5119,BK-554,1 kg x 1,1.1,1,1,BACILLUS SUPP 2% AS Powder 1 kg x 1,Fungicide,Bio Fungicide,success
K-5074,K-462,BK-996,1 ltr x 20,22,20,20,Trichoderma harzianum 1 ltr x 20,Fungicide,Bio Fungicide,success
K-145,K-142,BK-5830,1 Ltr  x 10,11,10,10,Bhannat Biostimulant 1 Ltr  x 10,Fertilizer,Bio Stimulant,success
K-980,K-980,BK-09,470gm x 1,0.517,0.47,1,MYCORRHIZA 470gm x 1,Fertilizer,Bio Fertilizer,success
K-5148,K-5146,BK-553,1 kg x 5,5.5,5,5,Paecilomyces Lilacinus Bio Powder 1 kg x 5,Fungicide,Bio Fungicide,success
K-5408,K-5405,BK-526,1 kg x 10,11,10,10,Bio Npk consortia powder 1 kg x 10,Fertilizer,Bio Fertilizer,success
K-6686,K-6500,BK-499,500 ml x 2,1.1,1,2,DrZole (Azoxystrobin 11.00 % Tebuconazole 18.30 % SC) 500 ml x 2,Fungicide,Chemical Fungicide,success
K-5029,K-5029,BK-852,250ml x 1,0.275,0.25,1,Defender CS 250ml x 1,Fungicide,Chemical Fungicide,success
K-5123,K-5119,BK-554,1 kg x 10,11,10,10,BACILLUS SUPP 2% AS Powder 1 kg x 10,Fungicide,Bio Fungicide,success
K-579,K-577,BK-499,250ml x 4,1.1,1,4,DrZole (Azoxystrobin 11.00 % Tebuconazole 18.30 % SC) 250ml x 4,Fungicide,Chemical Fungicide,success
G-750,G-750,BK-610,300gm x 1,0.3,0.3,1,Imli Powder 300gm x 1,other Products,Other Product,success
K-6767,K-6767,BK-472,25 Ltr x 1,27.5,25,1,Azozole (Azoxystrobin 18.2 % + difenoconazole 11.4 % SC) 25 Ltr x 1,Fungicide,Chemical Fungicide,success
G-764,G-764,BK-378,10gm x 1,0.01,0.01,1,Pepsin Powder 10gm x 1,other Products,Lab-Grade,success
K-952,K-5787,BK-874,25 kg x 20,550,500,20,SULVET - sulphur 80% wdg 25 kg x 20,Fungicide,Chemical Fungicide,success
K-6930,K-6930,BK-874,50 kg x 1,55,50,1,SULVET - sulphur 80% wdg 50 kg x 1,Fungicide,Chemical Fungicide,success
K-569,K-568,BK-46,450gm x 2,0.99,0.9,2,COC (Copper Oxychloride 50% WP) 450gm x 2,Fungicide,Chemical Fungicide,success
K-6073,K-6073,BK-622,100ml x 1,0.11,0.1,1,Sporothrix Fungorum 100ml x 1,Pesticide,Bio Insecticides,success
K-561,K-561,BK-44,800gm x 1,0.88,0.8,1,kzeb (Mancozeb 75% WP) 800gm x 1,Fungicide,Chemical Fungicide,success
K-6070,K-6070,BK-995,100ml x 1,0.11,0.1,1,Chatur - Mancozeb 40% + Azoxystrobin 7% 100ml x 1,Fungicide,Chemical Fungicide,success
K-1393,K-1387,BK-145,100 gm x 50,55,50,50,Plantivo - Tebuconazole 50% + Trifloxystrobin 25% WG 100 gm x 50,Fungicide,Chemical Fungicide,success
K-10516,K-522,BK-03,200 gm x 3,0.66,0.6,3,dismiss (Dimethomorph 50% WP) 200 gm x 3,Fungicide,Chemical Fungicide,success
G-691,G-691,BK-163,1 gm x 1,0.001,0.001,1,Marigold French Seeds (1 gm) 1 gm x 1,Seeds,Seeds,success
K-478,K-478,BK-491,1 ltr x 1,1.1,1,1,Bacillus supp 2% AS 1 ltr x 1,Fungicide,Bio Fungicide,success
K-459,K-458,BK-546,1 Ltr x 3,3.3,3,3,Trichoderma viride 1 Ltr x 3,Fungicide,Bio Fungicide,success
K-5822,K-5822,BK-472,50ml x 1,0.055,0.05,1,Azozole (Azoxystrobin 18.2 % + difenoconazole 11.4 % SC) 50ml x 1,Fungicide,Chemical Fungicide,success
G-760,G-398,BK-406,63 gm (2.2 oz) x 2,0.063,0.063,2,Vitamin C 63 gm (2.2 oz) x 2,other Products,Cosmetic Grade,success
K-5121,K-5119,BK-554,1 kg x 3,3.3,3,3,BACILLUS SUPP 2% AS Powder 1 kg x 3,Fungicide,Bio Fungicide,success
K-5554,K-5552,BK-469,1kg x 5,5.5,5,5,NEMA PRIME (Pochonia chlamydposporia 1% W.P) 1kg x 5,Pesticide,Bio Insecticides,success
K-6623,K-5690,BK-499,100ml x 10,1.1,1,10,DrZole (Azoxystrobin 11.00 % Tebuconazole 18.30 % SC) 100ml x 10,Fungicide,Chemical Fungicide,success